FirstName,LastName,Email,Gender
Garnet,Iddiens,giddiens0@symantec.com,Female
Griswold,Marcham,gmarcham1@wsj.com,Male
Erastus,Gaine,egaine2@guardian.co.uk,Male
Oberon,Varlow,ovarlow3@hubpages.com,Male
Persis,Cootes,pcootes4@census.gov,Female
Raffaello,Claeskens,rclaeskens5@netvibes.com,Male
Bobbe,Swale,bswale6@google.it,Female
Arnuad,Hambling,ahambling7@time.com,Male
Merissa,Debell,mdebell8@google.fr,Female
Cazzie,Downs,cdowns9@wikipedia.org,Male
Harlan,Applegarth,happlegartha@privacy.gov.au,Male
El,Eayres,eeayresb@xinhuanet.com,Male
Jaclyn,Fleisch,jfleischc@weather.com,Female
Merrill,Switzer,mswitzerd@omniture.com,Female
Kiah,Huet,khuete@parallels.com,Female
Simone,Eastmead,seastmeadf@edublogs.org,Female
Suzanne,Kenyam,skenyamg@theguardian.com,Female
Kristyn,Najera,knajerah@princeton.edu,Female
Brigit,Delgadillo,bdelgadilloi@amazon.com,Female
Parrnell,Simenel,psimenelj@flickr.com,Male
Roley,Linstead,rlinsteadk@google.com.au,Male
Bryce,Daspar,bdasparl@nhs.uk,Male
Norene,Ruusa,nruusam@apple.com,Female
Cloris,Scamadine,cscamadinen@google.com,Female
Brew,Cansdell,bcansdello@ft.com,Male
Eugen,Branney,ebranneyp@lulu.com,Male
Munroe,Borgnol,mborgnolq@msu.edu,Male
Rhona,Alday,raldayr@dropbox.com,Female
Nahum,Cleave,ncleaves@slideshare.net,Male
Birk,Skey,bskeyt@bluehost.com,Male
Kermie,Maplethorp,kmaplethorpu@hud.gov,Male
Dore,Galiford,dgalifordv@dedecms.com,Female
Fonsie,Shimmings,fshimmingsw@mlb.com,Male
Hannis,Hubbucks,hhubbucksx@webmd.com,Female
Karlyn,Rays,kraysy@princeton.edu,Female
Ermina,Klammt,eklammtz@army.mil,Female
Giffard,Bills,gbills10@google.it,Male
Wilhelmina,Di Domenico,wdidomenico11@sciencedirect.com,Female
Tabb,MacArthur,tmacarthur12@mac.com,Male
Ward,Dransfield,wdransfield13@dedecms.com,Male
Allison,Aburrow,aaburrow14@odnoklassniki.ru,Female
Bald,Blonden,bblonden15@lycos.com,Male
Dianemarie,Lambourne,dlambourne16@gmpg.org,Female
Tobye,Aglione,taglione17@liveinternet.ru,Female
Shane,Alliban,salliban18@unicef.org,Male
Brennan,Olivelli,bolivelli19@woothemes.com,Male
Tootsie,Rottger,trottger1a@walmart.com,Female
Dot,Northey,dnorthey1b@vimeo.com,Female
Kristyn,Mixworthy,kmixworthy1c@imgur.com,Female
Lemar,Heathcoat,lheathcoat1d@imdb.com,Male
Rodney,Vain,rvain1e@printfriendly.com,Male
Ahmed,Nannini,anannini1f@bbb.org,Male
Graeme,McKernon,gmckernon1g@statcounter.com,Male
Sheila-kathryn,Deetch,sdeetch1h@1und1.de,Female
Harriett,O' Markey,homarkey1i@webs.com,Female
Allyn,Yashnov,ayashnov1j@tripadvisor.com,Female
Giff,Furniss,gfurniss1k@who.int,Male
Elysha,Heams,eheams1l@google.fr,Female
Armstrong,Beeswing,abeeswing1m@fotki.com,Male
Claire,Girardeau,cgirardeau1n@webmd.com,Male
Aksel,Hardwicke,ahardwicke1o@mapquest.com,Male
Gregorius,Sangwin,gsangwin1p@com.com,Male
Priscella,Nevins,pnevins1q@ifeng.com,Female
Nikita,Coulthard,ncoulthard1r@dailymail.co.uk,Male
Elaina,Normanvell,enormanvell1s@bbc.co.uk,Female
Goldy,O'Lenechan,golenechan1t@tiny.cc,Female
Ajay,Maxweell,amaxweell1u@uiuc.edu,Female
Dunstan,Brambley,dbrambley1v@wp.com,Male
Robby,Bootland,rbootland1w@wunderground.com,Female
Burgess,Allam,ballam1x@japanpost.jp,Male
Tami,Chapier,tchapier1y@theatlantic.com,Female
Rowe,Shimmans,rshimmans1z@t.co,Female
Fredek,Tewes,ftewes20@jimdo.com,Male
Shermie,Tranter,stranter21@mayoclinic.com,Male
Madeleine,Durbyn,mdurbyn22@twitpic.com,Female
Lacee,Rathke,lrathke23@ameblo.jp,Female
Cristen,Hallam,challam24@hp.com,Female
Jeanna,Pool,jpool25@fastcompany.com,Female
Dwight,Hartropp,dhartropp26@shareasale.com,Male
Mack,Reary,mreary27@w3.org,Male
Townsend,Thyng,tthyng28@about.com,Male
Shanna,Childs,schilds29@admin.ch,Female
Putnem,Dagleas,pdagleas2a@phpbb.com,Male
Regine,Noore,rnoore2b@multiply.com,Female
Rosette,Gilham,rgilham2c@dropbox.com,Female
Gaylord,Sparwell,gsparwell2d@comcast.net,Male
Carlynne,Pinch,cpinch2e@google.de,Female
Godfree,Eldon,geldon2f@jimdo.com,Male
Randee,Kubista,rkubista2g@domainmarket.com,Female
Orion,Averies,oaveries2h@sbwire.com,Male
Beverley,Willmett,bwillmett2i@zimbio.com,Female
Frederico,enzley,fenzley2j@ucsd.edu,Male
Clem,Matejic,cmatejic2k@boston.com,Female
Sonnnie,McDarmid,smcdarmid2l@vk.com,Female
Shayna,Jannasch,sjannasch2m@soup.io,Female
Dan,Budden,dbudden2n@cocolog-nifty.com,Male
Laure,Redmell,lredmell2o@yelp.com,Female
Dar,MacManus,dmacmanus2p@time.com,Male
Elianora,Coules,ecoules2q@multiply.com,Female
Lissa,McGourty,lmcgourty2r@behance.net,Female
Frederico,Lauchlan,flauchlan2s@cafepress.com,Male
Kathleen,Penberthy,kpenberthy2t@pinterest.com,Female
Minne,Twaite,mtwaite2u@360.cn,Female
Audrey,Bleckly,ableckly2v@dmoz.org,Female
Randene,Pyne,rpyne2w@domainmarket.com,Female
Jannelle,Bronot,jbronot2x@elegantthemes.com,Female
Cassey,Cunniffe,ccunniffe2y@homestead.com,Female
Edd,Hailwood,ehailwood2z@about.me,Male
Walliw,McCurdy,wmccurdy30@ibm.com,Female
Marilin,Gannicott,mgannicott31@europa.eu,Female
Dodi,Bauldry,dbauldry32@multiply.com,Female
Eloise,Sabine,esabine33@usnews.com,Female
Collin,Emery,cemery34@woothemes.com,Male
Erin,Westmerland,ewestmerland35@paypal.com,Female
Murvyn,Ciccone,mciccone36@dyndns.org,Male
Merrill,Cutajar,mcutajar37@over-blog.com,Male
Johnathan,Wrankmore,jwrankmore38@mlb.com,Male
Julio,Ungaretti,jungaretti39@people.com.cn,Male
Annis,Hansel,ahansel3a@statcounter.com,Female
Cherin,Lowfill,clowfill3b@cornell.edu,Female
Rayshell,Sisland,rsisland3c@mysql.com,Female
Niki,Kimberly,nkimberly3d@hubpages.com,Male
Ellyn,Dottrell,edottrell3e@pagesperso-orange.fr,Female
Paten,Mendez,pmendez3f@columbia.edu,Male
Lilas,Beetlestone,lbeetlestone3g@cocolog-nifty.com,Female
Avril,Seawright,aseawright3h@abc.net.au,Female
Price,Egarr,pegarr3i@senate.gov,Male
Nadine,Ludlom,nludlom3j@gov.uk,Female
Archibold,Fegan,afegan3k@tinyurl.com,Male
Gwendolyn,Ralph,gralph3l@exblog.jp,Female
Aleece,Piele,apiele3m@google.com.au,Female
Ermin,Frend,efrend3n@ft.com,Male
Pavel,Frankowski,pfrankowski3o@webnode.com,Male
Haywood,Enser,henser3p@dmoz.org,Male
Lynelle,Ovitts,lovitts3q@domainmarket.com,Female
Cooper,Noriega,cnoriega3r@163.com,Male
Alika,Buey,abuey3s@bloomberg.com,Female
Eloisa,Polglaze,epolglaze3t@delicious.com,Female
Amby,Kinleyside,akinleyside3u@europa.eu,Male
Ali,Blankenship,ablankenship3v@usa.gov,Female
Mitchael,Mundford,mmundford3w@cnbc.com,Male
Laurel,Challender,lchallender3x@admin.ch,Female
Reuben,Fowles,rfowles3y@ox.ac.uk,Male
Robinett,Davenall,rdavenall3z@sfgate.com,Female
Bree,Ort,bort40@whitehouse.gov,Female
Maribelle,Duce,mduce41@ed.gov,Female
Alfredo,Daintier,adaintier42@discovery.com,Male
Dorian,Pearcey,dpearcey43@delicious.com,Male
Bowie,Coll,bcoll44@opera.com,Male
Tera,Spellacy,tspellacy45@ning.com,Female
Michele,MacGilpatrick,mmacgilpatrick46@free.fr,Female
Bobby,Brownett,bbrownett47@wunderground.com,Male
Belita,Cleary,bcleary48@mapy.cz,Female
Rois,Rylett,rrylett49@blog.com,Female
Luisa,Cattach,lcattach4a@unblog.fr,Female
Neysa,Joules,njoules4b@xing.com,Female
Kristofer,Allsobrook,kallsobrook4c@comcast.net,Male
Ulrikaumeko,Kofax,ukofax4d@sitemeter.com,Female
Ede,Itzik,eitzik4e@eepurl.com,Female
Woody,Button,wbutton4f@smugmug.com,Male
Nikolos,Peinton,npeinton4g@tripod.com,Male
Dunc,Raubheim,draubheim4h@liveinternet.ru,Male
Rey,Tompkin,rtompkin4i@yahoo.co.jp,Female
Finley,Halstead,fhalstead4j@blog.com,Male
Hunter,McKinstry,hmckinstry4k@surveymonkey.com,Male
Claude,Jaynes,cjaynes4l@flickr.com,Female
Flemming,Nesbeth,fnesbeth4m@stumbleupon.com,Male
Marsiella,Le Barr,mlebarr4n@zimbio.com,Female
Giffer,Cornilleau,gcornilleau4o@lulu.com,Male
Haroun,Vallens,hvallens4p@google.de,Male
Antonius,Ingleston,aingleston4q@vistaprint.com,Male
Janey,Perl,jperl4r@ibm.com,Female
Washington,Warsap,wwarsap4s@sogou.com,Male
Riki,Banisch,rbanisch4t@wunderground.com,Female
Clementine,Ollington,collington4u@istockphoto.com,Female
Car,Igoe,cigoe4v@businessweek.com,Male
Minnnie,de la Valette Parisot,mdelavaletteparisot4w@columbia.edu,Female
Sibley,Bigland,sbigland4x@digg.com,Female
Bibbie,Baumler,bbaumler4y@deviantart.com,Female
Carey,Budge,cbudge4z@hp.com,Male
Rodrick,Summerskill,rsummerskill50@msu.edu,Male
Forrest,Rosenstein,frosenstein51@networkadvertising.org,Male
Theda,Di Batista,tdibatista52@dyndns.org,Female
Kevyn,Itzkowicz,kitzkowicz53@washington.edu,Female
Jade,Balshaw,jbalshaw54@abc.net.au,Female
Gray,Briers,gbriers55@craigslist.org,Male
Orrin,Croose,ocroose56@nytimes.com,Male
Lorant,Haddock,lhaddock57@nba.com,Male
Bernelle,Speedin,bspeedin58@wsj.com,Female
Hall,Grigg,hgrigg59@un.org,Male
Hanni,Mokes,hmokes5a@slideshare.net,Female
Rufus,Sherwyn,rsherwyn5b@google.ca,Male
Sherman,Vedeshkin,svedeshkin5c@prweb.com,Male
Cynthea,Cockell,ccockell5d@tinyurl.com,Female
Justino,Copley,jcopley5e@usda.gov,Male
Wat,Bourdis,wbourdis5f@php.net,Male
Dorris,Leat,dleat5g@answers.com,Female
Constantia,Haggerston,chaggerston5h@4shared.com,Female
Shauna,Andre,sandre5i@gnu.org,Female
Tedmund,Favelle,tfavelle5j@is.gd,Male
Bobbye,Laurens,blaurens5k@ucoz.ru,Female
Nessy,Craighill,ncraighill5l@un.org,Female
Blakeley,Beasant,bbeasant5m@nydailynews.com,Female
Elva,Keach,ekeach5n@cisco.com,Female
Rosmunda,Ferreri,rferreri5o@rediff.com,Female
Connor,Lysaght,clysaght5p@fema.gov,Male
Dody,Snaith,dsnaith5q@loc.gov,Female
Flora,Baudrey,fbaudrey5r@51.la,Female
Goober,Raistrick,graistrick5s@narod.ru,Male
Tynan,Micheli,tmicheli5t@jimdo.com,Male
Rosie,McLese,rmclese5u@a8.net,Female
Angie,Raulstone,araulstone5v@yahoo.co.jp,Female
Eveline,Klemenz,eklemenz5w@xing.com,Female
Shirley,Killwick,skillwick5x@si.edu,Female
Austen,Govier,agovier5y@printfriendly.com,Male
Flin,Bulluck,fbulluck5z@deviantart.com,Male
Stanleigh,Cristofor,scristofor60@gnu.org,Male
Dov,Jaye,djaye61@ca.gov,Male
Luther,Cowlishaw,lcowlishaw62@studiopress.com,Male
Jayme,Twining,jtwining63@wikipedia.org,Male
Garrick,Newbigging,gnewbigging64@columbia.edu,Male
Tabbie,De Michele,tdemichele65@bigcartel.com,Male
Brice,Flageul,bflageul66@berkeley.edu,Male
Amandi,Margrett,amargrett67@biglobe.ne.jp,Female
Marci,Hawkey,mhawkey68@free.fr,Female
Fletch,Jaskowicz,fjaskowicz69@tripod.com,Male
Shanda,Sweetsur,ssweetsur6a@ted.com,Female
Vidovik,Rupert,vrupert6b@unesco.org,Male
Gert,Ladbrook,gladbrook6c@themeforest.net,Female
Temple,Olenchikov,tolenchikov6d@purevolume.com,Male
Bondon,Le Brun,blebrun6e@smh.com.au,Male
Neils,Jaouen,njaouen6f@ca.gov,Male
Joanie,Habin,jhabin6g@twitter.com,Female
Anatole,Allin,aallin6h@chicagotribune.com,Male
Newton,Paeckmeyer,npaeckmeyer6i@guardian.co.uk,Male
Jannel,Biaggetti,jbiaggetti6j@marriott.com,Female
Web,Penwright,wpenwright6k@dedecms.com,Male
Kalil,Geare,kgeare6l@creativecommons.org,Male
Hashim,Burchett,hburchett6m@nyu.edu,Male
Rosemarie,Wittman,rwittman6n@slideshare.net,Female
Drusilla,Strippling,dstrippling6o@accuweather.com,Female
Veriee,Winear,vwinear6p@alibaba.com,Female
Leese,Laffranconi,llaffranconi6q@si.edu,Female
Atlante,McIntee,amcintee6r@time.com,Female
Alden,Tummasutti,atummasutti6s@mlb.com,Male
Annice,Gynni,agynni6t@unblog.fr,Female
Hayward,Howis,hhowis6u@ucsd.edu,Male
Carolann,Luno,cluno6v@bloglines.com,Female
Jedidiah,Lanfear,jlanfear6w@pen.io,Male
Moyra,Muriel,mmuriel6x@nytimes.com,Female
Chelsy,Safe,csafe6y@paginegialle.it,Female
Verile,MacParland,vmacparland6z@github.com,Female
Rois,Welchman,rwelchman70@nydailynews.com,Female
Allys,Baddow,abaddow71@ucsd.edu,Female
Nichole,Cannan,ncannan72@i2i.jp,Male
Marcello,Founds,mfounds73@smugmug.com,Male
Nelie,Oxtiby,noxtiby74@dedecms.com,Female
Allissa,Minto,aminto75@lycos.com,Female
Birgitta,Doggart,bdoggart76@plala.or.jp,Female
Vachel,Minshaw,vminshaw77@cdc.gov,Male
Anetta,Brombell,abrombell78@netscape.com,Female
Vonni,Danter,vdanter79@hatena.ne.jp,Female
Boonie,Woollends,bwoollends7a@chronoengine.com,Male
Ryon,Stredwick,rstredwick7b@sciencedaily.com,Male
Cynthie,Lainge,clainge7c@wikia.com,Female
Martelle,Tothacot,mtothacot7d@unicef.org,Female
Joey,McConway,jmcconway7e@cbsnews.com,Female
Delcina,Figures,dfigures7f@spiegel.de,Female
Richard,Griss,rgriss7g@noaa.gov,Male
Reinhold,Spedroni,rspedroni7h@huffingtonpost.com,Male
Garrot,Phalp,gphalp7i@bing.com,Male
Normand,Rottcher,nrottcher7j@fotki.com,Male
Lilith,Drawmer,ldrawmer7k@businesswire.com,Female
Jewel,Korous,jkorous7l@posterous.com,Female
Priscilla,L'Amie,plamie7m@ustream.tv,Female
Vitia,Pleace,vpleace7n@imageshack.us,Female
Theda,Bradforth,tbradforth7o@washingtonpost.com,Female
Raimondo,Darwin,rdarwin7p@scribd.com,Male
Selinda,Krishtopaittis,skrishtopaittis7q@gnu.org,Female
Marcelo,Kyngdon,mkyngdon7r@example.com,Male
Hewett,Chesnay,hchesnay7s@cpanel.net,Male
Rudolf,Bumfrey,rbumfrey7t@thetimes.co.uk,Male
Chrysa,Jotcham,cjotcham7u@trellian.com,Female
Maible,Sor,msor7v@msn.com,Female
Beniamino,Timmis,btimmis7w@tumblr.com,Male
Monte,Tidswell,mtidswell7x@tmall.com,Male
Vince,Bess,vbess7y@si.edu,Male
Ebonee,MacGilfoyle,emacgilfoyle7z@howstuffworks.com,Female
Sigismondo,Alelsandrowicz,salelsandrowicz80@w3.org,Male
Tam,Aggio,taggio81@gmpg.org,Male
Catha,Keningley,ckeningley82@newyorker.com,Female
Roda,Saull,rsaull83@geocities.jp,Female
Hadrian,Hurrion,hhurrion84@about.me,Male
Rafael,Tenny,rtenny85@addthis.com,Male
Holmes,Bunston,hbunston86@go.com,Male
Jewelle,Lawes,jlawes87@e-recht24.de,Female
Price,Grabeham,pgrabeham88@eepurl.com,Male
Cazzie,Boynton,cboynton89@g.co,Male
Bord,Werendell,bwerendell8a@hibu.com,Male
Torry,Weyland,tweyland8b@msn.com,Male
Dian,Raymond,draymond8c@mapquest.com,Female
Gui,Seaborne,gseaborne8d@nba.com,Female
Gabey,Fusedale,gfusedale8e@themeforest.net,Female
Weidar,Pacher,wpacher8f@google.de,Male
Fannie,Tombleson,ftombleson8g@sbwire.com,Female
Arvy,Hawksworth,ahawksworth8h@smugmug.com,Male
Hugues,Smiths,hsmiths8i@ox.ac.uk,Male
Miguela,Sewart,msewart8j@samsung.com,Female
Meggi,Genike,mgenike8k@wufoo.com,Female
Junie,Welland,jwelland8l@diigo.com,Female
Donny,Deboo,ddeboo8m@cam.ac.uk,Male
Eugen,Russam,erussam8n@storify.com,Male
Boonie,Krzyzanowski,bkrzyzanowski8o@tripadvisor.com,Male
Vincent,Havock,vhavock8p@slate.com,Male
Hilliard,Hawkeridge,hhawkeridge8q@mapquest.com,Male
Branden,Pablo,bpablo8r@smugmug.com,Male
Lia,Stiles,lstiles8s@cloudflare.com,Female
Irwin,Dring,idring8t@sbwire.com,Male
Abigale,Bartolomeu,abartolomeu8u@timesonline.co.uk,Female
Kalil,Mackerel,kmackerel8v@canalblog.com,Male
Bernita,Shucksmith,bshucksmith8w@google.com.au,Female
Josie,Ferrea,jferrea8x@admin.ch,Female
Fabien,Devanny,fdevanny8y@list-manage.com,Male
Kris,Gallety,kgallety8z@samsung.com,Female
Julieta,Spawell,jspawell90@trellian.com,Female
Burnaby,Gillimgham,bgillimgham91@aboutads.info,Male
Adelaide,Drakeford,adrakeford92@reverbnation.com,Female
Murial,Daborne,mdaborne93@i2i.jp,Female
Lauren,Le Provest,lleprovest94@kickstarter.com,Male
Britte,Lunney,blunney95@accuweather.com,Female
Renault,Gooderson,rgooderson96@aol.com,Male
Gaby,Mate,gmate97@spiegel.de,Female
Meridith,Carrett,mcarrett98@trellian.com,Female
Jeramey,Ankers,jankers99@chron.com,Male
Adolpho,Hadingham,ahadingham9a@microsoft.com,Male
Michele,Kelinge,mkelinge9b@example.com,Female
Cathi,Kurtis,ckurtis9c@twitter.com,Female
Rudy,Jacobsz,rjacobsz9d@economist.com,Male
Arleta,O'Ferris,aoferris9e@woothemes.com,Female
Siana,Smee,ssmee9f@example.com,Female
Beatrix,Readwood,breadwood9g@mtv.com,Female
Brook,Caville,bcaville9h@imdb.com,Male
Hazel,Cressy,hcressy9i@ca.gov,Female
Lowrance,Freestone,lfreestone9j@squarespace.com,Male
Killie,Preene,kpreene9k@google.com,Male
Illa,Leney,ileney9l@example.com,Female
Teddi,Kendrew,tkendrew9m@prweb.com,Female
Marijn,Lucks,mlucks9n@discuz.net,Male
Melisandra,Wansbury,mwansbury9o@mlb.com,Female
Cody,Tweed,ctweed9p@cnet.com,Female
Lanie,Rudkin,lrudkin9q@constantcontact.com,Female
Ambrose,Feavearyear,afeavearyear9r@surveymonkey.com,Male
Gar,Dinis,gdinis9s@sciencedaily.com,Male
Kleon,Keatch,kkeatch9t@xing.com,Male
Shepperd,Eastby,seastby9u@google.de,Male
Royce,Nockalls,rnockalls9v@amazon.co.jp,Male
Rakel,Dunstan,rdunstan9w@moonfruit.com,Female
Tobiah,Vasyatkin,tvasyatkin9x@addthis.com,Male
Joby,Asman,jasman9y@google.fr,Female
Trudy,Standbrook,tstandbrook9z@redcross.org,Female
Kai,Paolacci,kpaolaccia0@goo.ne.jp,Female
Ganny,McClune,gmcclunea1@de.vu,Male
Anson,Eastup,aeastupa2@imageshack.us,Male
Tim,Rabier,trabiera3@google.com.br,Male
Ryann,Bartlosz,rbartlosza4@icio.us,Female
Jarib,Jaggers,jjaggersa5@flickr.com,Male
Woody,Le Prevost,wleprevosta6@canalblog.com,Male
Adda,Forge,aforgea7@nps.gov,Female
Melodee,O'Kennavain,mokennavaina8@yolasite.com,Female
Hernando,Goscar,hgoscara9@ehow.com,Male
Rozamond,Bletsor,rbletsoraa@furl.net,Female
Chaddie,Evenden,cevendenab@wisc.edu,Male
Loree,Tulley,ltulleyac@dailymail.co.uk,Female
Kristan,Battle,kbattlead@yolasite.com,Female
Marcos,Haylett,mhaylettae@is.gd,Male
Mikaela,Landrick,mlandrickaf@theglobeandmail.com,Female
Bea,Lenglet,blengletag@paypal.com,Female
Eward,Grix,egrixah@wiley.com,Male
Adamo,Phelit,aphelitai@behance.net,Male
Merola,Goodered,mgooderedaj@unblog.fr,Female
Gill,Bolte,gbolteak@oakley.com,Male
Merrill,Brikner,mbrikneral@oakley.com,Female
Cecilius,Rannigan,cranniganam@google.de,Male
Jay,Klus,jklusan@creativecommons.org,Male
Marge,Geri,mgeriao@blinklist.com,Female
Sammie,Samson,ssamsonap@intel.com,Male
Luella,Grindrod,lgrindrodaq@jigsy.com,Female
Candida,Gulleford,cgullefordar@ameblo.jp,Female
Yolande,Slessor,yslessoras@techcrunch.com,Female
Gusti,Loomes,gloomesat@elpais.com,Female
Inglebert,Meenan,imeenanau@opensource.org,Male
Katrina,Bumby,kbumbyav@unesco.org,Female
Melly,Barbour,mbarbouraw@psu.edu,Female
Ruben,Finnick,rfinnickax@wordpress.com,Male
Feodor,Cinelli,fcinelliay@jugem.jp,Male
James,Forson,jforsonaz@last.fm,Male
Joby,Goldup,jgoldupb0@archive.org,Female
Kennedy,Purrington,kpurringtonb1@prlog.org,Male
Larissa,Crapper,lcrapperb2@nyu.edu,Female
Darda,Godding,dgoddingb3@whitehouse.gov,Female
Danita,Cuppitt,dcuppittb4@ustream.tv,Female
Ruy,Gockelen,rgockelenb5@un.org,Male
Farand,Scarlet,fscarletb6@cbsnews.com,Female
Lazarus,Warland,lwarlandb7@smh.com.au,Male
Esmeralda,Donat,edonatb8@mapquest.com,Female
Penrod,Dominy,pdominyb9@jimdo.com,Male
Rochelle,Trillow,rtrillowba@wikia.com,Female
Vanya,Gatenby,vgatenbybb@gov.uk,Male
Oates,McMurty,omcmurtybc@vistaprint.com,Male
Corrina,Favey,cfaveybd@toplist.cz,Female
Bel,Kelsell,bkelsellbe@soundcloud.com,Female
Hercules,Gresty,hgrestybf@mit.edu,Male
Florance,Iamittii,fiamittiibg@amazon.co.uk,Female
Edna,Vedekhin,evedekhinbh@patch.com,Female
Mariejeanne,Kervin,mkervinbi@wordpress.com,Female
Gayle,Brislan,gbrislanbj@quantcast.com,Female
Ferdinanda,Tripean,ftripeanbk@shutterfly.com,Female
Leonanie,Load,lloadbl@mysql.com,Female
Claudelle,Vuitton,cvuittonbm@xing.com,Female
Hagan,Perchard,hperchardbn@1688.com,Male
Dorry,Abatelli,dabatellibo@businessweek.com,Female
Mitchell,Tart,mtartbp@msu.edu,Male
Bent,Nowak,bnowakbq@theglobeandmail.com,Male
Bert,Buttrick,bbuttrickbr@wp.com,Female
Marley,Headland,mheadlandbs@mashable.com,Female
Pincus,Baulch,pbaulchbt@mapy.cz,Male
Lenka,Hastilow,lhastilowbu@youku.com,Female
Blayne,Gason,bgasonbv@auda.org.au,Male
Lay,Parminter,lparminterbw@smh.com.au,Male
Frederico,Parcell,fparcellbx@1688.com,Male
Sondra,Clewlowe,sclewloweby@opera.com,Female
Tab,Stollenberg,tstollenbergbz@kickstarter.com,Male
Kathie,Vasyukhichev,kvasyukhichevc0@ucsd.edu,Female
Thomasa,Juarez,tjuarezc1@ibm.com,Female
Pembroke,Ramlot,pramlotc2@dropbox.com,Male
Townie,Billing,tbillingc3@upenn.edu,Male
Lockwood,Labrow,llabrowc4@hud.gov,Male
Thaddus,Killwick,tkillwickc5@ustream.tv,Male
Gibb,Haynesford,ghaynesfordc6@weather.com,Male
Rupert,Duckitt,rduckittc7@youku.com,Male
Dee,Shipsey,dshipseyc8@skype.com,Female
Burch,Jobern,bjobernc9@bing.com,Male
Alistair,Mayoral,amayoralca@quantcast.com,Male
Milicent,Laver,mlavercb@ed.gov,Female
Noelle,Buckhurst,nbuckhurstcc@example.com,Female
Armand,Hurling,ahurlingcd@eventbrite.com,Male
Willamina,Bennedsen,wbennedsence@fda.gov,Female
Eda,Buckner,ebucknercf@devhub.com,Female
Leila,Leyband,lleybandcg@vistaprint.com,Female
Way,Itscovitz,witscovitzch@bing.com,Male
Garrott,Herculeson,gherculesonci@ucla.edu,Male
Oswald,Mellody,omellodycj@opensource.org,Male
Nona,Peagram,npeagramck@webs.com,Female
Buck,Haycox,bhaycoxcl@mapquest.com,Male
Wrennie,Demko,wdemkocm@sina.com.cn,Female
Booth,Fine,bfinecn@hugedomains.com,Male
Davida,Burgwyn,dburgwynco@scribd.com,Female
Trev,Amort,tamortcp@bravesites.com,Male
Sammy,Kinch,skinchcq@howstuffworks.com,Male
Dev,Sambrok,dsambrokcr@diigo.com,Male
Jewel,Dowzell,jdowzellcs@is.gd,Female
Tandy,Aslie,tasliect@360.cn,Female
Jens,Squires,jsquirescu@apple.com,Male
Eileen,Planque,eplanquecv@tinyurl.com,Female
Anissa,Abramin,aabramincw@creativecommons.org,Female
Dinny,Celier,dceliercx@php.net,Female
Nicol,Ditchfield,nditchfieldcy@lulu.com,Female
Marne,d'Arcy,mdarcycz@csmonitor.com,Female
Dennie,Puckinghorne,dpuckinghorned0@homestead.com,Male
Cynthea,Pancost,cpancostd1@fema.gov,Female
Gunner,Trice,gtriced2@nhs.uk,Male
Di,Girodier,dgirodierd3@cornell.edu,Female
Zora,Hulburd,zhulburdd4@multiply.com,Female
Loydie,Schwandt,lschwandtd5@typepad.com,Male
Caspar,Manus,cmanusd6@ow.ly,Male
Zacharias,Morrill,zmorrilld7@google.com,Male
Bette-ann,Halsworth,bhalsworthd8@baidu.com,Female
Sibilla,Paish,spaishd9@altervista.org,Female
Rhodie,Stinton,rstintonda@vk.com,Female
Mill,Crates,mcratesdb@china.com.cn,Male
Lockwood,Lubeck,llubeckdc@bravesites.com,Male
Alphonse,Du Barry,adubarrydd@columbia.edu,Male
Netty,Mourant,nmourantde@zdnet.com,Female
Tabor,Timbrell,ttimbrelldf@mit.edu,Male
Ceciley,Beveredge,cbeveredgedg@rediff.com,Female
Deck,Raisbeck,draisbeckdh@virginia.edu,Male
Slade,Jezzard,sjezzarddi@vinaora.com,Male
Fawn,Scarlett,fscarlettdj@thetimes.co.uk,Female
Zilvia,Elnough,zelnoughdk@youtu.be,Female
Jacquenetta,Coventry,jcoventrydl@unblog.fr,Female
Lissi,Simla,lsimladm@hao123.com,Female
Marje,Foy,mfoydn@usnews.com,Female
Erwin,Lay,elaydo@skyrock.com,Male
Jocelyne,Campbell,jcampbelldp@stumbleupon.com,Female
Helen,Clemencon,hclemencondq@dyndns.org,Female
Blake,Read,breaddr@arizona.edu,Male
Alberta,Rowledge,arowledgeds@discuz.net,Female
Nikolai,Todhunter,ntodhunterdt@tripod.com,Male
Sloane,Woolis,swoolisdu@prnewswire.com,Male
Evania,Darinton,edarintondv@tuttocitta.it,Female
Vito,MacKaile,vmackailedw@vinaora.com,Male
Ronica,Simeons,rsimeonsdx@unblog.fr,Female
Kyle,McGragh,kmcgraghdy@businesswire.com,Male
Ardelle,Danes,adanesdz@globo.com,Female
Malvina,Creavan,mcreavane0@guardian.co.uk,Female
Griffy,Alliker,gallikere1@mozilla.com,Male
Martino,Wilprecht,mwilprechte2@delicious.com,Male
Thalia,McBlain,tmcblaine3@deviantart.com,Female
Luelle,Roostan,lroostane4@live.com,Female
Philis,Jarrard,pjarrarde5@wp.com,Female
Clara,Jaffa,cjaffae6@merriam-webster.com,Female
Andrej,McGinlay,amcginlaye7@1688.com,Male
Kim,Hukins,khukinse8@un.org,Male
Horatio,Loudyan,hloudyane9@twitter.com,Male
Laina,Winskill,lwinskillea@digg.com,Female
Bryn,Scrannage,bscrannageeb@hhs.gov,Male
Mackenzie,Brindle,mbrindleec@booking.com,Male
Donelle,Bignal,dbignaled@hubpages.com,Female
Bennie,Rentelll,brentelllee@usda.gov,Male
Ainsley,Upham,auphamef@cornell.edu,Female
Aleece,Vuitte,avuitteeg@sfgate.com,Female
Hagan,Fanstone,hfanstoneeh@epa.gov,Male
Rosaleen,Basley,rbasleyei@a8.net,Female
Meredithe,Sharpin,msharpinej@nyu.edu,Female
Templeton,Chadd,tchaddek@sun.com,Male
Corrine,Costar,ccostarel@reference.com,Female
Davine,Carthew,dcarthewem@apple.com,Female
Dianemarie,Smythin,dsmythinen@51.la,Female
Charlton,Gouldthorp,cgouldthorpeo@php.net,Male
Gavrielle,Bernardos,gbernardosep@prweb.com,Female
Obadiah,McCaughan,omccaughaneq@freewebs.com,Male
Gabriela,Samwyse,gsamwyseer@mac.com,Female
Max,Feasby,mfeasbyes@state.tx.us,Male
Roi,Teall,rteallet@ted.com,Male
Rab,Reddihough,rreddihougheu@rambler.ru,Male
Eran,Witherdon,ewitherdonev@senate.gov,Female
Marianna,Dellenbroker,mdellenbrokerew@cpanel.net,Female
Almira,Longthorn,alongthornex@archive.org,Female
Colline,Lis,clisey@smh.com.au,Female
Mathian,Cockshut,mcockshutez@wired.com,Male
Sumner,Cowup,scowupf0@unesco.org,Male
Gerri,Ferneyhough,gferneyhoughf1@newsvine.com,Male
Adrian,Jolliss,ajollissf2@vimeo.com,Male
Angeli,Ruprecht,aruprechtf3@hao123.com,Male
Zonnya,Berard,zberardf4@ezinearticles.com,Female
Gary,Freebury,gfreeburyf5@addtoany.com,Male
Rebeca,Andrioni,randrionif6@wufoo.com,Female
Dean,Crollman,dcrollmanf7@aol.com,Male
Ada,Peterkin,apeterkinf8@eepurl.com,Female
Malinda,Coverdill,mcoverdillf9@washington.edu,Female
Timothee,Sturch,tsturchfa@hud.gov,Male
Marc,Coyle,mcoylefb@vk.com,Male
Fabe,Godsell,fgodsellfc@ca.gov,Male
Sophia,Sailor,ssailorfd@soup.io,Female
Dolph,Lott,dlottfe@uiuc.edu,Male
Cirilo,Libreros,clibrerosff@google.com,Male
Mirabelle,Hale,mhalefg@bloglines.com,Female
Natalee,Areles,narelesfh@ucoz.com,Female
Deanna,Pauletti,dpaulettifi@google.de,Female
Fredia,Haken,fhakenfj@whitehouse.gov,Female
Leon,Girardini,lgirardinifk@github.io,Male
Garfield,Pleasance,gpleasancefl@weather.com,Male
Cam,Dipple,cdipplefm@mtv.com,Male
Emerson,Bradburne,ebradburnefn@google.ru,Male
Kelbee,Essame,kessamefo@moonfruit.com,Male
Katti,Ransome,kransomefp@usa.gov,Female
Ambros,Fitchen,afitchenfq@bigcartel.com,Male
Brooke,Lamping,blampingfr@google.cn,Female
Willa,McRitchie,wmcritchiefs@archive.org,Female
Florella,Kingscott,fkingscottft@auda.org.au,Female
Agnola,Weathers,aweathersfu@theguardian.com,Female
Hammad,Dron,hdronfv@newsvine.com,Male
Amberly,Blunkett,ablunkettfw@people.com.cn,Female
Jessie,Yearns,jyearnsfx@reverbnation.com,Female
Elianora,Stares,estaresfy@imgur.com,Female
Elwira,Fassan,efassanfz@tinyurl.com,Female
Ninnetta,MacCahee,nmaccaheeg0@usda.gov,Female
Shauna,O'Loinn,soloinng1@prweb.com,Female
Jerrilee,Manterfield,jmanterfieldg2@squarespace.com,Female
Bathsheba,Perett,bperettg3@weebly.com,Female
Arvin,Extil,aextilg4@theglobeandmail.com,Male
Lise,Clive,lcliveg5@guardian.co.uk,Female
Davey,Reightley,dreightleyg6@people.com.cn,Male
Kerrie,Lambis,klambisg7@reverbnation.com,Female
Candie,Grollmann,cgrollmanng8@cnet.com,Female
Geraldine,Romanin,gromaning9@homestead.com,Female
Stanford,McClounan,smcclounanga@businessweek.com,Male
Kearney,Mager,kmagergb@miitbeian.gov.cn,Male
Curcio,Braund,cbraundgc@guardian.co.uk,Male
Delmore,Prettjohn,dprettjohngd@meetup.com,Male
Dianne,Lehrmann,dlehrmannge@ustream.tv,Female
Lanie,Warrell,lwarrellgf@bandcamp.com,Male
Meredith,Shaddick,mshaddickgg@nih.gov,Female
Susann,Wasmuth,swasmuthgh@purevolume.com,Female
Bancroft,Khidr,bkhidrgi@cnbc.com,Male
Helenelizabeth,Illwell,hillwellgj@youtube.com,Female
Joseph,Crates,jcratesgk@youtube.com,Male
Keelia,Erwin,kerwingl@go.com,Female
Edyth,Lago,elagogm@yellowbook.com,Female
Lezley,Lindenboim,llindenboimgn@independent.co.uk,Male
Gwenette,Peever,gpeevergo@barnesandnoble.com,Female
Lesli,Kiffe,lkiffegp@angelfire.com,Female
Marigold,Mallett,mmallettgq@bizjournals.com,Female
Horatio,Dumbrell,hdumbrellgr@google.pl,Male
Enrica,Bottby,ebottbygs@ameblo.jp,Female
Emmy,Blunden,eblundengt@sakura.ne.jp,Female
Fritz,Vennard,fvennardgu@e-recht24.de,Male
Bram,McGeffen,bmcgeffengv@blogs.com,Male
Jacquelin,Beggini,jbegginigw@cornell.edu,Female
Matilda,Jenkison,mjenkisongx@pcworld.com,Female
Ulrika,Gomme,ugommegy@webmd.com,Female
Damon,Eymer,deymergz@seesaa.net,Male
Kaiser,Morby,kmorbyh0@github.io,Male
Eward,Murrey,emurreyh1@harvard.edu,Male
Neale,Lowden,nlowdenh2@desdev.cn,Male
Humfrey,Dodsley,hdodsleyh3@vimeo.com,Male
Mikol,Cotter,mcotterh4@narod.ru,Male
Aubree,Goodred,agoodredh5@washingtonpost.com,Female
Ealasaid,Gratland,egratlandh6@wisc.edu,Female
Laetitia,Pipkin,lpipkinh7@flickr.com,Female
Read,Endricci,rendriccih8@cdc.gov,Male
Skippie,Hatwells,shatwellsh9@cam.ac.uk,Male
Loralie,McDiarmid,lmcdiarmidha@reverbnation.com,Female
Wilek,Lamberti,wlambertihb@linkedin.com,Male
Witty,Gunston,wgunstonhc@cyberchimps.com,Male
Cammy,Ambrogini,cambroginihd@example.com,Female
Irving,Lidbetter,ilidbetterhe@sbwire.com,Male
Poppy,Barnham,pbarnhamhf@bluehost.com,Female
Odilia,Martinovic,omartinovichg@usa.gov,Female
Lolita,Pearde,lpeardehh@nasa.gov,Female
Alana,Stradling,astradlinghi@posterous.com,Female
Catharine,Tomkin,ctomkinhj@hp.com,Female
Timothee,Shedden,tsheddenhk@google.pl,Male
Vivianne,Bolding,vboldinghl@yellowbook.com,Female
Emmi,Wallwood,ewallwoodhm@hud.gov,Female
Rasla,Nisby,rnisbyhn@google.ca,Female
Lauren,Gawler,lgawlerho@tripadvisor.com,Female
Benedikta,Medgwick,bmedgwickhp@nsw.gov.au,Female
Klement,Cobby,kcobbyhq@chicagotribune.com,Male
Wayland,Richfield,wrichfieldhr@google.com.hk,Male
Malinda,Arthan,marthanhs@mit.edu,Female
Darby,Lowde,dlowdeht@spiegel.de,Female
Wenonah,Buney,wbuneyhu@mashable.com,Female
Renae,Calbreath,rcalbreathhv@yahoo.com,Female
Robinson,Embleton,rembletonhw@amazon.co.jp,Male
Jorgan,Plak,jplakhx@eventbrite.com,Male
Brittani,Bevar,bbevarhy@ucsd.edu,Female
Curran,Bastin,cbastinhz@earthlink.net,Male
Dukey,Pepperell,dpepperelli0@yellowbook.com,Male
Fidel,Willford,fwillfordi1@nydailynews.com,Male
Margo,Corrin,mcorrini2@homestead.com,Female
Hattie,Rutter,hrutteri3@domainmarket.com,Female
Jo,Stooke,jstookei4@prweb.com,Female
Nealson,Briggs,nbriggsi5@admin.ch,Male
Lindon,Terrey,lterreyi6@unc.edu,Male
Lockwood,Hitzschke,lhitzschkei7@time.com,Male
Tommi,O'Tierney,totierneyi8@typepad.com,Female
Zacherie,Niese,zniesei9@mapquest.com,Male
Audy,Sigsworth,asigsworthia@cbc.ca,Female
Udale,Youthead,uyoutheadib@clickbank.net,Male
Carilyn,Bottom,cbottomic@indiegogo.com,Female
Keriann,Popov,kpopovid@toplist.cz,Female
Lenette,Kemmett,lkemmettie@washington.edu,Female
Asher,Malyon,amalyonif@ed.gov,Male
Ardenia,Japp,ajappig@ovh.net,Female
Kermy,Chavey,kchaveyih@deliciousdays.com,Male
Pat,Popworth,ppopworthii@salon.com,Male
Mignon,Atwater,matwaterij@hugedomains.com,Female
Tanya,Evreux,tevreuxik@bbb.org,Female
Deborah,Mepsted,dmepstedil@yellowpages.com,Female
Filmer,Mehmet,fmehmetim@geocities.com,Male
Giustina,Henrys,ghenrysin@hud.gov,Female
Netta,Ancliff,nancliffio@angelfire.com,Female
Mikael,Skull,mskullip@booking.com,Male
Warren,Lockless,wlocklessiq@myspace.com,Male
Aristotle,Book,abookir@g.co,Male
Vern,Bigg,vbiggis@ocn.ne.jp,Male
Tony,Bernardoux,tbernardouxit@t.co,Male
Hogan,Kilfedder,hkilfedderiu@hc360.com,Male
Rachelle,Ruddin,rruddiniv@cyberchimps.com,Female
Jennee,MacIlriach,jmacilriachiw@bloglines.com,Female
Blanca,Flescher,bflescherix@reddit.com,Female
Hali,Paaso,hpaasoiy@harvard.edu,Female
Feodor,Cobon,fcoboniz@cam.ac.uk,Male
Eleen,Butson,ebutsonj0@cbslocal.com,Female
Andros,Dwine,adwinej1@zimbio.com,Male
Minnaminnie,Karolovsky,mkarolovskyj2@last.fm,Female
Matias,Godard,mgodardj3@vimeo.com,Male
Trstram,Harbottle,tharbottlej4@blogspot.com,Male
Marci,Habble,mhabblej5@wordpress.org,Female
Xylina,Grewes,xgrewesj6@hud.gov,Female
Zacharias,Armatage,zarmatagej7@aboutads.info,Male
Tallie,Neising,tneisingj8@hexun.com,Male
Ric,Shawcroft,rshawcroftj9@elpais.com,Male
Waylon,Gatchell,wgatchellja@apache.org,Male
Minnaminnie,Cure,mcurejb@studiopress.com,Female
Tyne,Yeats,tyeatsjc@yellowbook.com,Female
Daryl,Bento,dbentojd@jalbum.net,Male
Lucia,Mocker,lmockerje@abc.net.au,Female
Amalia,Esom,aesomjf@constantcontact.com,Female
Carissa,Escala,cescalajg@cnbc.com,Female
Domini,Greensitt,dgreensittjh@skype.com,Female
Ebonee,Whodcoat,ewhodcoatji@ning.com,Female
Culley,Robotham,crobothamjj@youku.com,Male
Ivor,Welsh,iwelshjk@trellian.com,Male
Siouxie,Gibberd,sgibberdjl@ifeng.com,Female
Carr,Shepland,csheplandjm@addtoany.com,Male
Branden,Faunt,bfauntjn@forbes.com,Male
Dickie,Krzyzaniak,dkrzyzaniakjo@utexas.edu,Male
Biron,Cardinale,bcardinalejp@goodreads.com,Male
Humfrey,Elphey,helpheyjq@printfriendly.com,Male
Leia,Stollen,lstollenjr@techcrunch.com,Female
Austin,Jekel,ajekeljs@mediafire.com,Male
Sampson,Ullock,sullockjt@blogspot.com,Male
Iggy,Godden,igoddenju@ucsd.edu,Male
Malinde,Seabourne,mseabournejv@fastcompany.com,Female
Eloise,Branchflower,ebranchflowerjw@chicagotribune.com,Female
Horatio,Attride,hattridejx@skype.com,Male
Georgie,Ferriby,gferribyjy@biblegateway.com,Female
Shelia,Warrener,swarrenerjz@reference.com,Female
Abbi,Gosnell,agosnellk0@oakley.com,Female
Kerrin,Arnau,karnauk1@yellowbook.com,Female
Erwin,Lowther,elowtherk2@bbc.co.uk,Male
Frances,Androletti,fandrolettik3@booking.com,Female
Shelley,Petriello,spetriellok4@buzzfeed.com,Female
Emmeline,Trenholm,etrenholmk5@tmall.com,Female
Shalne,Barsham,sbarshamk6@goo.gl,Female
Corly,Prestedge,cprestedgek7@paypal.com,Female
Agnola,Longea,alongeak8@51.la,Female
Vite,Reade,vreadek9@merriam-webster.com,Male
Luce,Dagless,ldaglesska@reuters.com,Male
Carmelita,Shickle,cshicklekb@nih.gov,Female
Saudra,Thrush,sthrushkc@artisteer.com,Female
Therine,Jolliffe,tjolliffekd@yahoo.co.jp,Female
Gus,Gorrissen,ggorrissenke@hhs.gov,Male
Mariel,Kineton,mkinetonkf@canalblog.com,Female
Idaline,Elderfield,ielderfieldkg@geocities.com,Female
Fayina,Behling,fbehlingkh@instagram.com,Female
Janina,Brick,jbrickki@1688.com,Female
Corene,Fenge,cfengekj@youtube.com,Female
Mildrid,Gerrell,mgerrellkk@berkeley.edu,Female
Ara,Seedhouse,aseedhousekl@about.com,Female
Homer,Leggen,hleggenkm@ucoz.ru,Male
Mortimer,Noyes,mnoyeskn@go.com,Male
Enid,Atkirk,eatkirkko@ow.ly,Female
Katrine,Arrol,karrolkp@posterous.com,Female
Breanne,Kubach,bkubachkq@chicagotribune.com,Female
Rania,Jurisic,rjurisickr@shareasale.com,Female
Sophi,Linden,slindenks@yahoo.com,Female
Ginnie,Antoshin,gantoshinkt@symantec.com,Female
Ingram,Dressel,idresselku@newsvine.com,Male
Hilario,Leitch,hleitchkv@typepad.com,Male
Ebony,Collabine,ecollabinekw@parallels.com,Female
Giana,Snellman,gsnellmankx@typepad.com,Female
Chrisy,Blundon,cblundonky@slideshare.net,Male
Kassie,Crosfeld,kcrosfeldkz@nature.com,Female
Garnette,Rieger,griegerl0@pen.io,Female
Krishna,Birdfield,kbirdfieldl1@booking.com,Male
Paulette,Wederell,pwederelll2@godaddy.com,Female
Tris,Najara,tnajaral3@wp.com,Male
Graehme,Ponter,gponterl4@sun.com,Male
Bruno,Rycroft,brycroftl5@list-manage.com,Male
Jeramey,Labes,jlabesl6@theguardian.com,Male
Gerald,Spinige,gspinigel7@microsoft.com,Male
Yule,Windram,ywindraml8@phpbb.com,Male
Luce,Sails,lsailsl9@moonfruit.com,Male
Jennie,Daye,jdayela@amazonaws.com,Female
Eve,Barriball,ebarriballlb@bravesites.com,Female
Wilone,Stut,wstutlc@canalblog.com,Female
Leta,Joutapavicius,ljoutapaviciusld@woothemes.com,Female
Viola,Corstan,vcorstanle@nifty.com,Female
Arlen,Rawcliffe,arawcliffelf@foxnews.com,Male
Tucky,Dever,tdeverlg@people.com.cn,Male
Guntar,Hearns,ghearnslh@webmd.com,Male
Drud,Stoddard,dstoddardli@netlog.com,Male
Madelaine,Scholcroft,mscholcroftlj@sciencedaily.com,Female
Heidie,Gery,hgerylk@diigo.com,Female
Anderea,Kleinert,akleinertll@blogspot.com,Female
Evvie,Shearer,eshearerlm@mac.com,Female
Kathleen,Jeans,kjeansln@drupal.org,Female
Gerri,Lago,glagolo@yelp.com,Male
Sheba,Geck,sgecklp@bbc.co.uk,Female
Jody,Gibbard,jgibbardlq@printfriendly.com,Male
Alix,Maffiotti,amaffiottilr@comsenz.com,Female
Kirstyn,Sandry,ksandryls@columbia.edu,Female
Arabela,Sterland,asterlandlt@yandex.ru,Female
Howie,Nussii,hnussiilu@digg.com,Male
Verge,Nelissen,vnelissenlv@wordpress.com,Male
Timmi,Pendrick,tpendricklw@mlb.com,Female
Roda,Montel,rmontellx@hugedomains.com,Female
Ramonda,Morfett,rmorfettly@si.edu,Female
Reggie,Lantaff,rlantafflz@domainmarket.com,Male
Ignacius,Cromie,icromiem0@boston.com,Male
Gordy,Ever,geverm1@hexun.com,Male
Henriette,Schwanden,hschwandenm2@weather.com,Female
Zacharie,Dauncey,zdaunceym3@jugem.jp,Male
Rolf,Kaman,rkamanm4@google.com.hk,Male
Miof mela,Lumley,mlumleym5@ovh.net,Female
Ansel,Duddin,aduddinm6@pinterest.com,Male
Carrie,Stookes,cstookesm7@usa.gov,Female
Trish,Troke,ttrokem8@tamu.edu,Female
Barry,Miche,bmichem9@networksolutions.com,Male
Flossie,Sage,fsagema@boston.com,Female
Georgeanna,Mitchell,gmitchellmb@ucoz.com,Female
Rheta,Pidgeley,rpidgeleymc@goodreads.com,Female
Cal,Harme,charmemd@utexas.edu,Female
Tomasina,Yurin,tyurinme@mashable.com,Female
Arnie,Hembling,ahemblingmf@microsoft.com,Male
Arvy,Clewes,aclewesmg@kickstarter.com,Male
Nilson,Stuer,nstuermh@scribd.com,Male
Den,Skuse,dskusemi@a8.net,Male
Hayden,Holley,hholleymj@deliciousdays.com,Male
Maurita,Beedom,mbeedommk@globo.com,Female
Valerye,Polson,vpolsonml@typepad.com,Female
Rebe,Barkly,rbarklymm@columbia.edu,Female
Damita,Stenhouse,dstenhousemn@discuz.net,Female
Saunder,Deplacido,sdeplacidomo@aboutads.info,Male
Gun,Marchant,gmarchantmp@blogspot.com,Male
Gabbi,Sissens,gsissensmq@telegraph.co.uk,Female
Liz,Brayley,lbrayleymr@nytimes.com,Female
Merrel,Genty,mgentyms@is.gd,Male
Karim,Hassur,khassurmt@jalbum.net,Male
Kylen,Levet,klevetmu@php.net,Female
Margeaux,Kusick,mkusickmv@tmall.com,Female
Say,Waterstone,swaterstonemw@etsy.com,Male
Marnia,Geerdts,mgeerdtsmx@wired.com,Female
Ronnica,Causnett,rcausnettmy@wikispaces.com,Female
Currie,Beeck,cbeeckmz@samsung.com,Male
Benton,Goodluck,bgoodluckn0@wikipedia.org,Male
Koren,Bonniface,kbonnifacen1@usatoday.com,Female
Vivienne,Courtonne,vcourtonnen2@newyorker.com,Female
Milli,Jerrand,mjerrandn3@jimdo.com,Female
Tildi,Dax,tdaxn4@odnoklassniki.ru,Female
Hammad,Licciardello,hlicciardellon5@acquirethisname.com,Male
Laurence,Keveren,lkeverenn6@smh.com.au,Male
Tyrone,Van den Dael,tvandendaeln7@abc.net.au,Male
Enrico,Grossier,egrossiern8@youtube.com,Male
Benedicta,MacGovern,bmacgovernn9@ebay.com,Female
Orin,Mowlam,omowlamna@angelfire.com,Male
Jimmy,Speechly,jspeechlynb@columbia.edu,Male
Nell,Huison,nhuisonnc@sun.com,Female
Jacqui,Eliff,jeliffnd@cnet.com,Female
Hilliary,Jarley,hjarleyne@cnn.com,Female
Job,Fessler,jfesslernf@mail.ru,Male
Virgie,Bortoletti,vbortoletting@vimeo.com,Male
Quincy,Ondrak,qondraknh@pcworld.com,Male
Conny,Congreave,ccongreaveni@unicef.org,Female
Torrey,Comellini,tcomellininj@gravatar.com,Male
Siward,Massingham,smassinghamnk@topsy.com,Male
Stacia,Blemings,sblemingsnl@cloudflare.com,Female
Ernesta,O' Shea,eosheanm@skype.com,Female
Vivyanne,Bullough,vbulloughnn@newsvine.com,Female
Benedick,Kingsland,bkingslandno@wikia.com,Male
Philbert,Rowler,prowlernp@virginia.edu,Male
Gail,Phelan,gphelannq@slideshare.net,Male
Leonard,Medlicott,lmedlicottnr@gnu.org,Male
Valerye,McRonald,vmcronaldns@howstuffworks.com,Female
Valentino,Haswall,vhaswallnt@altervista.org,Male
Henrieta,Siddaley,hsiddaleynu@latimes.com,Female
Ozzie,Featherstonhaugh,ofeatherstonhaughnv@va.gov,Male
Hall,Bushe,hbushenw@indiegogo.com,Male
Romonda,Scholes,rscholesnx@telegraph.co.uk,Female
Halie,Semerad,hsemeradny@symantec.com,Female
Reba,Paradise,rparadisenz@nature.com,Female
Alair,Fewlass,afewlasso0@salon.com,Male
Tilda,Jonathon,tjonathono1@marketwatch.com,Female
Clark,Abramovici,cabramovicio2@rakuten.co.jp,Male
Thomasa,Tunniclisse,ttunniclisseo3@github.com,Female
Arlina,Blanpein,ablanpeino4@wikimedia.org,Female
Garrott,Longfield,glongfieldo5@elpais.com,Male
Nalani,Sperrett,nsperretto6@opensource.org,Female
Cathie,Yurinov,cyurinovo7@telegraph.co.uk,Female
Rey,Brandenburg,rbrandenburgo8@deviantart.com,Male
Fabien,Ambrose,fambroseo9@unesco.org,Male
Sheeree,Earwaker,searwakeroa@mail.ru,Female
Ky,Boobier,kboobierob@amazonaws.com,Male
Eunice,Winmill,ewinmilloc@sciencedaily.com,Female
Anne,Riggs,ariggsod@miitbeian.gov.cn,Female
Etti,Vardie,evardieoe@dmoz.org,Female
Benji,Billingsley,bbillingsleyof@ning.com,Male
Virgie,Barbie,vbarbieog@oracle.com,Female
Zechariah,Dukes,zdukesoh@washingtonpost.com,Male
Zollie,Sweeting,zsweetingoi@fc2.com,Male
Michael,Varden,mvardenoj@rambler.ru,Male
Missie,Ludee,mludeeok@yale.edu,Female
Talya,Dunbabin,tdunbabinol@earthlink.net,Female
Vina,Winterson,vwintersonom@ihg.com,Female
Vivien,Caush,vcaushon@reverbnation.com,Female
Waldo,Wethers,wwethersoo@cbc.ca,Male
Vally,Leeves,vleevesop@networkadvertising.org,Female
Pate,Luten,plutenoq@state.gov,Male
Chrysa,Normanvill,cnormanvillor@usgs.gov,Female
Keane,Vasse,kvasseos@chicagotribune.com,Male
Mose,Sunter,msunterot@nps.gov,Male
Gris,Drake,gdrakeou@slate.com,Male
Fielding,Sigward,fsigwardov@about.com,Male
Willamina,Moule,wmouleow@tiny.cc,Female
Cordie,Purchall,cpurchallox@who.int,Male
Dagmar,Dudderidge,ddudderidgeoy@nydailynews.com,Female
Romola,Hamstead,rhamsteadoz@harvard.edu,Female
Katharyn,Scottini,kscottinip0@nymag.com,Female
Chrisy,McGaugey,cmcgaugeyp1@nhs.uk,Male
Blakeley,Kermode,bkermodep2@washington.edu,Female
Calley,Latehouse,clatehousep3@simplemachines.org,Female
Parsifal,Speare,pspearep4@furl.net,Male
Annnora,Hobden,ahobdenp5@dell.com,Female
Florenza,Serot,fserotp6@pinterest.com,Female
Cecile,Andrzej,candrzejp7@nifty.com,Female
Koenraad,Hasker,khaskerp8@virginia.edu,Male
Sella,Jeram,sjeramp9@sohu.com,Female
Melloney,McKinnon,mmckinnonpa@wp.com,Female
Brannon,Normand,bnormandpb@yandex.ru,Male
Timofei,Moyler,tmoylerpc@bloglovin.com,Male
Codie,Adshed,cadshedpd@scientificamerican.com,Male
Shara,Yurov,syurovpe@nymag.com,Female
Anatole,Kendrick,akendrickpf@indiatimes.com,Male
Niven,Fairlie,nfairliepg@tumblr.com,Male
Hale,Whawell,hwhawellph@skyrock.com,Male
Blanch,Jaumet,bjaumetpi@de.vu,Female
Dylan,Barrett,dbarrettpj@apache.org,Male
Elbertina,Lindemann,elindemannpk@globo.com,Female
Guntar,Gartrell,ggartrellpl@bbc.co.uk,Male
Agnesse,Treweke,atrewekepm@myspace.com,Female
Vail,Gavagan,vgavaganpn@multiply.com,Male
Joelynn,Norval,jnorvalpo@apache.org,Female
Morley,Cashford,mcashfordpp@github.com,Male
Lorna,Fripps,lfrippspq@irs.gov,Female
Dylan,Curzey,dcurzeypr@posterous.com,Male
Ignaz,Worpole,iworpoleps@shinystat.com,Male
Seumas,Roswarn,sroswarnpt@goo.ne.jp,Male
Dilan,Philippet,dphilippetpu@netscape.com,Male
Wilhelm,Santus,wsantuspv@xinhuanet.com,Male
Thedrick,Jobke,tjobkepw@weibo.com,Male
Teirtza,Ambrogetti,tambrogettipx@mozilla.com,Female
Patrica,Giraths,pgirathspy@bloomberg.com,Female
Dwight,Griston,dgristonpz@pbs.org,Male
Jacintha,Lehrle,jlehrleq0@webs.com,Female
Conni,Ellaman,cellamanq1@bravesites.com,Female
Raimund,Dyneley,rdyneleyq2@themeforest.net,Male
Coreen,Spreull,cspreullq3@51.la,Female
Jandy,O' Neligan,joneliganq4@jigsy.com,Female
Mommy,O'Keaveny,mokeavenyq5@deviantart.com,Female
Geri,Dolphin,gdolphinq6@dmoz.org,Male
Lacie,Pech,lpechq7@unicef.org,Female
Victor,Lintot,vlintotq8@guardian.co.uk,Male
Eden,Aizkovitch,eaizkovitchq9@de.vu,Female
Merrielle,Fellowes,mfellowesqa@mtv.com,Female
Katleen,Stonelake,kstonelakeqb@devhub.com,Female
Jennee,Vann,jvannqc@examiner.com,Female
Georgianne,McCuish,gmccuishqd@discovery.com,Female
Ariel,Kilgallen,akilgallenqe@tamu.edu,Female
Der,Siman,dsimanqf@amazon.co.jp,Male
Piggy,Trathan,ptrathanqg@imgur.com,Male
Sunny,Coatham,scoathamqh@cbsnews.com,Female
Mair,Matzen,mmatzenqi@is.gd,Female
Cody,Brunton,cbruntonqj@redcross.org,Male
Laina,Markussen,lmarkussenqk@dell.com,Female
Burt,Harniman,bharnimanql@diigo.com,Male
Josefa,Mulroy,jmulroyqm@cloudflare.com,Female
Ammamaria,Bowich,abowichqn@tmall.com,Female
Neysa,Kasper,nkasperqo@moonfruit.com,Female
Nickie,Filintsev,nfilintsevqp@hugedomains.com,Male
Barthel,Williment,bwillimentqq@un.org,Male
Brenn,Kezar,bkezarqr@aboutads.info,Female
Marina,Wickerson,mwickersonqs@w3.org,Female
Pierre,Goulborn,pgoulbornqt@bloomberg.com,Male
Webb,Tarpey,wtarpeyqu@constantcontact.com,Male
Hermann,Yitzhok,hyitzhokqv@1und1.de,Male
Thornton,Edwin,tedwinqw@bandcamp.com,Male
Phylis,Fairbrace,pfairbraceqx@dyndns.org,Female
Bartie,Cleugh,bcleughqy@theguardian.com,Male
Carmita,Legat,clegatqz@time.com,Female
Cirillo,de Mendoza,cdemendozar0@wikispaces.com,Male
Kenton,Martinson,kmartinsonr1@baidu.com,Male
Chlo,Wigginton,cwiggintonr2@kickstarter.com,Female
Abigael,Satch,asatchr3@indiegogo.com,Female
Zora,Twamley,ztwamleyr4@nih.gov,Female
Heywood,Dunniom,hdunniomr5@i2i.jp,Male
Austen,Teffrey,ateffreyr6@epa.gov,Male
Corilla,Bentinck,cbentinckr7@jiathis.com,Female
Noam,Castellini,ncastellinir8@slideshare.net,Male
Gilles,Howsan,ghowsanr9@altervista.org,Male
Shannon,Bristowe,sbristowera@networksolutions.com,Male
Marrilee,Dumphry,mdumphryrb@domainmarket.com,Female
Danyelle,Divine,ddivinerc@uiuc.edu,Female
Desi,Werner,dwernerrd@uiuc.edu,Male
Nicky,McKyrrelly,nmckyrrellyre@springer.com,Male
Ewart,Derye-Barrett,ederyebarrettrf@indiatimes.com,Male
Peri,Lemmens,plemmensrg@mysql.com,Female
Leora,Michieli,lmichielirh@wikia.com,Female
Mead,Becket,mbecketri@freewebs.com,Female
Wright,Polon,wpolonrj@1688.com,Male
Butch,Oertzen,boertzenrk@e-recht24.de,Male
Chip,Payze,cpayzerl@cocolog-nifty.com,Male
Maudie,Antonin,mantoninrm@nasa.gov,Female
Tamera,Hulmes,thulmesrn@disqus.com,Female
Em,Pym,epymro@technorati.com,Female
Gorden,Cundy,gcundyrp@theguardian.com,Male
Fax,Conrart,fconrartrq@reverbnation.com,Male
Adriana,Catterell,acatterellrr@ftc.gov,Female
Haleigh,Moorfield,hmoorfield0@spotify.com,Male
Katherina,Goodright,kgoodright1@weebly.com,Female
Silvanus,Slipper,sslipper2@xinhuanet.com,Male
Isabeau,Colledge,icolledge3@kickstarter.com,Female
Ginevra,Darycott,gdarycott4@blogspot.com,Female
Florinda,Hartburn,fhartburn5@buzzfeed.com,Female
Meryl,Houdhury,mhoudhury6@instagram.com,Male
Michaela,Duchasteau,mduchasteau7@blog.com,Female
Dionisio,Haisell,dhaisell8@gravatar.com,Male
Isaiah,Addenbrooke,iaddenbrooke9@discovery.com,Male
Felix,Swarbrick,fswarbricka@reverbnation.com,Male
Eadmund,Duckham,educkhamb@ihg.com,Male
Kile,Jurkowski,kjurkowskic@dropbox.com,Male
Delmor,Wooller,dwoollerd@storify.com,Male
Angie,Pillinger,apillingere@wsj.com,Female
Vince,Thormann,vthormannf@cam.ac.uk,Male
Micah,Millsom,mmillsomg@mediafire.com,Male
Rad,Djorvic,rdjorvich@people.com.cn,Male
Tallia,Bonfield,tbonfieldi@de.vu,Female
Elisha,Stannas,estannasj@columbia.edu,Male
Kellby,Cannan,kcannank@whitehouse.gov,Male
Tiebold,Gooden,tgoodenl@nyu.edu,Male
Raine,Belchamber,rbelchamberm@storify.com,Female
Shell,Kendred,skendredn@umn.edu,Female
Johnathan,Veregan,jveregano@cyberchimps.com,Male
Grannie,McCoveney,gmccoveneyp@skype.com,Male
Francklin,Twyford,ftwyfordq@hostgator.com,Male
Archaimbaud,Warner,awarnerr@illinois.edu,Male
Joanna,Cordelle,jcordelles@xinhuanet.com,Female
Sven,McGrill,smcgrillt@free.fr,Male
Shea,Lightning,slightningu@yandex.ru,Male
Cherida,Sowter,csowterv@qq.com,Female
Laurianne,Pask,lpaskw@berkeley.edu,Female
Aland,Torel,atorelx@123-reg.co.uk,Male
Shepperd,Scrannage,sscrannagey@who.int,Male
Sasha,Humbles,shumblesz@gmpg.org,Male
Joseito,Po,jpo10@fema.gov,Male
Erminia,Redan,eredan11@123-reg.co.uk,Female
Katusha,Tickner,ktickner12@wordpress.com,Female
Charissa,Greeding,cgreeding13@baidu.com,Female
Michael,MacArthur,mmacarthur14@imdb.com,Male
Dot,Petrosian,dpetrosian15@cisco.com,Female
Dorey,Fosher,dfosher16@deliciousdays.com,Male
Elvis,Tice,etice17@seesaa.net,Male
Grady,Greenside,ggreenside18@jugem.jp,Male
Scott,Hitscher,shitscher19@usda.gov,Male
Terza,Barlass,tbarlass1a@about.me,Female
Bartholemy,Darville,bdarville1b@statcounter.com,Male
Bradney,Chorlton,bchorlton1c@youtu.be,Male
Walther,Tiddy,wtiddy1d@imageshack.us,Male
Elie,Jolliman,ejolliman1e@joomla.org,Female
Ezechiel,Fulmen,efulmen1f@qq.com,Male
Pamelina,Paynter,ppaynter1g@reference.com,Female
Wenona,Itzkin,witzkin1h@comcast.net,Female
Isaac,Gracewood,igracewood1i@rambler.ru,Male
Cornall,Girke,cgirke1j@yellowbook.com,Male
Had,Cape,hcape1k@dagondesign.com,Male
Tandy,O' Mullane,tomullane1l@bizjournals.com,Female
Kirby,Yakushkin,kyakushkin1m@sun.com,Male
Cammy,Clulow,cclulow1n@wufoo.com,Male
Boothe,Robert,brobert1o@goo.ne.jp,Male
Gardy,Springthorpe,gspringthorpe1p@a8.net,Male
Ynez,Dawtrey,ydawtrey1q@google.com.br,Female
Ruthie,Sturton,rsturton1r@ted.com,Female
Aurelia,Benmore,abenmore1s@cmu.edu,Female
Robin,Durrant,rdurrant1t@moonfruit.com,Female
Adriane,Phython,aphython1u@wunderground.com,Female
Guenevere,Call,gcall1v@wikispaces.com,Female
Kahlil,Lightbourn,klightbourn1w@qq.com,Male
Christiano,Blackaby,cblackaby1x@japanpost.jp,Male
Grazia,Norley,gnorley1y@ox.ac.uk,Female
Gordon,Corns,gcorns1z@uiuc.edu,Male
Boycie,Baumer,bbaumer20@ucoz.ru,Male
Umeko,Mil,umil21@china.com.cn,Female
Stacia,Fawssett,sfawssett22@twitpic.com,Female
Jerrome,Basden,jbasden23@merriam-webster.com,Male
Jeff,Poulgreen,jpoulgreen24@ihg.com,Male
Andrey,Sends,asends25@dailymotion.com,Male
Heinrik,Gregol,hgregol26@wp.com,Male
Pippy,MacCrann,pmaccrann27@slideshare.net,Female
Keefe,Southall,ksouthall28@fc2.com,Male
Wilbert,Braganza,wbraganza29@chicagotribune.com,Male
Adriaens,Bodleigh,abodleigh2a@google.com.au,Female
Kelsy,Stedman,kstedman2b@cbc.ca,Female
Fowler,Wagner,fwagner2c@cocolog-nifty.com,Male
Franklin,Redgrave,fredgrave2d@people.com.cn,Male
Wildon,d'Escoffier,wdescoffier2e@un.org,Male
Arabelle,Sand,asand2f@163.com,Female
Dannye,Macellar,dmacellar2g@hubpages.com,Female
Andreas,Cashman,acashman2h@nsw.gov.au,Male
Corinne,Battersby,cbattersby2i@yellowbook.com,Female
Papagena,Bwye,pbwye2j@dailymail.co.uk,Female
Nessie,Farron,nfarron2k@fastcompany.com,Female
Gelya,Squibbs,gsquibbs2l@spiegel.de,Female
Bernita,Ortner,bortner2m@ucoz.ru,Female
Alix,Iwaszkiewicz,aiwaszkiewicz2n@ovh.net,Male
Bonny,Blincowe,bblincowe2o@youtu.be,Female
Cash,Cropp,ccropp2p@booking.com,Male
Terri-jo,Staden,tstaden2q@webmd.com,Female
Harris,Van Cassel,hvancassel2r@economist.com,Male
Merilyn,Sherland,msherland2s@seattletimes.com,Female
Gamaliel,Hows,ghows2t@mail.ru,Male
Ania,Koomar,akoomar2u@indiatimes.com,Female
Tildie,Ouldred,touldred2v@edublogs.org,Female
Godfree,Mansour,gmansour2w@baidu.com,Male
Coraline,Guilaem,cguilaem2x@hugedomains.com,Female
Doe,Ailmer,dailmer2y@google.fr,Female
Nessie,Lethabridge,nlethabridge2z@digg.com,Female
Fernandina,Chenery,fchenery30@imageshack.us,Female
Archibald,Olivier,aolivier31@netlog.com,Male
Marion,Pagon,mpagon32@google.pl,Male
Gasparo,Czaple,gczaple33@people.com.cn,Male
Cristal,Bountiff,cbountiff34@t.co,Female
Ianthe,Riquet,iriquet35@odnoklassniki.ru,Female
Belinda,Hillum,bhillum36@hexun.com,Female
Gallagher,Middleditch,gmiddleditch37@github.com,Male
Marchall,Rubenovic,mrubenovic38@moonfruit.com,Male
Jade,Frick,jfrick39@soundcloud.com,Female
Jennifer,Blowne,jblowne3a@wordpress.org,Female
Waverley,Baskerfield,wbaskerfield3b@google.it,Male
Teresina,Weymouth,tweymouth3c@google.co.jp,Female
Vivi,Blasoni,vblasoni3d@weibo.com,Female
Noll,Dunstall,ndunstall3e@tamu.edu,Male
Harwilll,Cassells,hcassells3f@pagesperso-orange.fr,Male
Giustina,Thormwell,gthormwell3g@canalblog.com,Female
Isabelle,Tucsell,itucsell3h@wired.com,Female
Issiah,Foddy,ifoddy3i@nationalgeographic.com,Male
Idette,Traut,itraut3j@ebay.co.uk,Female
Lincoln,Rowly,lrowly3k@canalblog.com,Male
Patrice,Duferie,pduferie3l@msn.com,Male
Sibbie,Skillicorn,sskillicorn3m@examiner.com,Female
Elwira,Tribe,etribe3n@about.com,Female
Dennie,Androck,dandrock3o@smh.com.au,Male
Robena,Horder,rhorder3p@behance.net,Female
Darsie,Dovey,ddovey3q@noaa.gov,Female
Josephina,Vaggs,jvaggs3r@deliciousdays.com,Female
Tomlin,Speaks,tspeaks3s@bravesites.com,Male
Rhodia,Stockwell,rstockwell3t@vimeo.com,Female
Vitia,Vayne,vvayne3u@gov.uk,Female
Ode,Karpushkin,okarpushkin3v@upenn.edu,Male
Bax,Ewert,bewert3w@biglobe.ne.jp,Male
Vidovic,Riddock,vriddock3x@umich.edu,Male
Monah,Bubbins,mbubbins3y@theguardian.com,Female
Bennie,Leadley,bleadley3z@jimdo.com,Female
Craggie,Nerval,cnerval40@geocities.jp,Male
Rozalin,Reddihough,rreddihough41@last.fm,Female
Tova,Haggerty,thaggerty42@washington.edu,Female
Adriana,Pestell,apestell43@tuttocitta.it,Female
Rowena,Livzey,rlivzey44@google.co.jp,Female
Desmond,Comolli,dcomolli45@plala.or.jp,Male
Shanna,Hickford,shickford46@github.io,Female
Alexander,Nichol,anichol47@cmu.edu,Male
Vaughn,Beeston,vbeeston48@facebook.com,Male
Faun,Bubbear,fbubbear49@craigslist.org,Female
Eloisa,Fawltey,efawltey4a@msn.com,Female
Madlen,Coombe,mcoombe4b@marriott.com,Female
Bruce,Noot,bnoot4c@amazon.co.uk,Male
Kay,Piercy,kpiercy4d@wix.com,Female
Carney,Limpertz,climpertz4e@nih.gov,Male
Vail,Bertolin,vbertolin4f@mayoclinic.com,Male
Darby,Craigg,dcraigg4g@gravatar.com,Female
Lindy,Labeuil,llabeuil4h@japanpost.jp,Male
Bernhard,Giacobbo,bgiacobbo4i@ucla.edu,Male
Erskine,Cornwall,ecornwall4j@chron.com,Male
Gabrielle,Wiffill,gwiffill4k@alibaba.com,Female
Gilberte,Seabrook,gseabrook4l@domainmarket.com,Female
Hector,Lamplough,hlamplough4m@forbes.com,Male
Skip,Aves,saves4n@nps.gov,Male
Erhart,Hambribe,ehambribe4o@scribd.com,Male
Domenic,Jameson,djameson4p@jalbum.net,Male
Wynny,Meegan,wmeegan4q@bravesites.com,Female
Siouxie,Karran,skarran4r@joomla.org,Female
Bill,Code,bcode4s@technorati.com,Male
Lemmy,Toope,ltoope4t@myspace.com,Male
Letti,Ferminger,lferminger4u@elpais.com,Female
Huntley,Palethorpe,hpalethorpe4v@bizjournals.com,Male
Tuckie,Nower,tnower4w@yelp.com,Male
Joly,Wilder,jwilder4x@fda.gov,Female
Lira,Melladew,lmelladew4y@sciencedaily.com,Female
Hi,Jado,hjado4z@webnode.com,Male
Henrik,McReynolds,hmcreynolds50@eventbrite.com,Male
Darcee,Flowith,dflowith51@intel.com,Female
Wandie,McLennan,wmclennan52@soundcloud.com,Female
Bartlet,Dell Casa,bdellcasa53@amazonaws.com,Male
Julian,Covil,jcovil54@51.la,Male
Kaylyn,Renac,krenac55@tamu.edu,Female
Gabey,Barday,gbarday56@blogtalkradio.com,Female
Abbie,Arrighi,aarrighi57@yolasite.com,Male
Carlee,Canner,ccanner58@myspace.com,Female
Kalie,Fitchen,kfitchen59@yolasite.com,Female
Gino,Rathjen,grathjen5a@wiley.com,Male
Kerby,Salvador,ksalvador5b@t-online.de,Male
Eustace,Benley,ebenley5c@histats.com,Male
Carlen,Clethro,cclethro5d@usa.gov,Female
Bartlett,Gillon,bgillon5e@mediafire.com,Male
Windy,Hugues,whugues5f@parallels.com,Female
Leanora,Ferebee,lferebee5g@nps.gov,Female
Cam,Casiero,ccasiero5h@exblog.jp,Male
Alexa,Utting,autting5i@netvibes.com,Female
Arturo,Fussen,afussen5j@studiopress.com,Male
Renault,Kasparski,rkasparski5k@blogspot.com,Male
Jolyn,Ivanchin,jivanchin5l@myspace.com,Female
Lynnette,Garside,lgarside5m@comcast.net,Female
Muire,Bruyntjes,mbruyntjes5n@jimdo.com,Female
Sammy,Vere,svere5o@4shared.com,Female
Nadia,Gabby,ngabby5p@cargocollective.com,Female
Remus,Wiles,rwiles5q@exblog.jp,Male
Guntar,Ringwood,gringwood5r@marriott.com,Male
Barde,Bliven,bbliven5s@vimeo.com,Male
Savina,Betonia,sbetonia5t@blinklist.com,Female
Codi,Lapthorn,clapthorn5u@unc.edu,Male
Amandie,Philpin,aphilpin5v@unblog.fr,Female
Dorrie,Parkes,dparkes5w@narod.ru,Female
Raffaello,Goldby,rgoldby5x@phoca.cz,Male
Lou,Pinhorn,lpinhorn5y@homestead.com,Female
Joete,Vannoort,jvannoort5z@com.com,Female
Darwin,Rees,drees60@prnewswire.com,Male
Antonietta,Hallibone,ahallibone61@virginia.edu,Female
Jaine,Peebles,jpeebles62@wikia.com,Female
Arvie,McCard,amccard63@wiley.com,Male
Pat,Cowe,pcowe64@npr.org,Male
Laurence,Hollier,lhollier65@parallels.com,Male
Annabal,Rontree,arontree66@walmart.com,Female
Leah,Bythell,lbythell67@storify.com,Female
Oliy,Lathbury,olathbury68@theguardian.com,Female
Herc,Jentges,hjentges69@ox.ac.uk,Male
Dell,Decker,ddecker6a@wunderground.com,Female
Obadiah,Kiera,okiera6b@amazon.com,Male
Gabriello,Drinkel,gdrinkel6c@twitter.com,Male
Mel,Hastilow,mhastilow6d@fotki.com,Female
Hamel,Goodinge,hgoodinge6e@cbsnews.com,Male
Birch,Liversage,bliversage6f@ucoz.ru,Male
Poul,Biddiss,pbiddiss6g@ameblo.jp,Male
Clay,Kitchin,ckitchin6h@fc2.com,Male
Alan,Minnette,aminnette6i@biblegateway.com,Male
Lyndsay,Ferreo,lferreo6j@cdc.gov,Female
Helga,Learman,hlearman6k@china.com.cn,Female
Natka,Rankin,nrankin6l@va.gov,Female
Drona,Kettridge,dkettridge6m@imgur.com,Female
Chrissy,Syversen,csyversen6n@dailymotion.com,Male
Latrina,Bonham,lbonham6o@nhs.uk,Female
Enrichetta,Pawlyn,epawlyn6p@example.com,Female
Mela,Bathersby,mbathersby6q@utexas.edu,Female
Lorita,Whiteson,lwhiteson6r@dell.com,Female
Vlad,Benner,vbenner6s@biglobe.ne.jp,Male
Christyna,Guerre,cguerre6t@hostgator.com,Female
Isahella,Alenshev,ialenshev6u@csmonitor.com,Female
Gabriello,Blowen,gblowen6v@ning.com,Male
Brunhilde,McCraw,bmccraw6w@list-manage.com,Female
George,Tomasutti,gtomasutti6x@ucla.edu,Female
Nikita,Tesdale,ntesdale6y@geocities.jp,Male
Rosie,McGonagle,rmcgonagle6z@columbia.edu,Female
Danya,Ades,dades70@businesswire.com,Male
Lorette,Arend,larend71@wunderground.com,Female
Hill,Whyberd,hwhyberd72@topsy.com,Male
Arin,Lasty,alasty73@mac.com,Male
Augustus,Hallibone,ahallibone74@senate.gov,Male
Maiga,Tidder,mtidder75@cmu.edu,Female
Marj,Tuppeny,mtuppeny76@mtv.com,Female
Myron,Stillwell,mstillwell77@artisteer.com,Male
Scotti,Strangwood,sstrangwood78@twitter.com,Male
Harp,Abad,habad79@twitpic.com,Male
Noella,Sancias,nsancias7a@taobao.com,Female
Kellby,Newcomen,knewcomen7b@dion.ne.jp,Male
Etty,Dumbreck,edumbreck7c@over-blog.com,Female
Sharyl,Tibols,stibols7d@wufoo.com,Female
Clarie,Haslen,chaslen7e@dmoz.org,Female
Car,Bacher,cbacher7f@slate.com,Male
Mona,Ranyelld,mranyelld7g@columbia.edu,Female
Clem,Caitlin,ccaitlin7h@pen.io,Female
Kylie,Giurio,kgiurio7i@angelfire.com,Male
Pete,Lumm,plumm7j@theguardian.com,Male
Ethelred,Olivey,eolivey7k@narod.ru,Male
Carla,Anthiftle,canthiftle7l@blogtalkradio.com,Female
Hamish,Bramstom,hbramstom7m@jugem.jp,Male
Charles,Wein,cwein7n@squidoo.com,Male
Lars,Matieu,lmatieu7o@japanpost.jp,Male
Harriett,Rouby,hrouby7p@digg.com,Female
Kalindi,Cherrie,kcherrie7q@canalblog.com,Female
Harli,Ovington,hovington7r@flavors.me,Female
Marylin,Burwin,mburwin7s@cloudflare.com,Female
Osmond,Yorston,oyorston7t@pagesperso-orange.fr,Male
Jeffy,Glew,jglew7u@nsw.gov.au,Male
Emmy,Churchward,echurchward7v@g.co,Male
Andonis,Adamczyk,aadamczyk7w@storify.com,Male
Reeba,Geerits,rgeerits7x@slashdot.org,Female
Adelice,McCheyne,amccheyne7y@census.gov,Female
Dorie,Foker,dfoker7z@purevolume.com,Female
Kordula,Bonwell,kbonwell80@chron.com,Female
Sinclare,Eburne,seburne81@4shared.com,Male
Boyce,Laurenz,blaurenz82@umich.edu,Male
Codi,MacArthur,cmacarthur83@ucoz.com,Female
Chad,Kofax,ckofax84@chicagotribune.com,Male
Hercules,Torrans,htorrans85@ebay.com,Male
Una,Stonebridge,ustonebridge86@cyberchimps.com,Female
Gerek,Eshelby,geshelby87@adobe.com,Male
Launce,Dewire,ldewire88@yahoo.com,Male
Ive,Ely,iely89@economist.com,Male
Luce,de Marco,ldemarco8a@comcast.net,Female
Jody,Shafe,jshafe8b@wordpress.org,Female
Marilyn,Episcopi,mepiscopi8c@123-reg.co.uk,Female
Gracie,Linturn,glinturn8d@bizjournals.com,Female
Samantha,Duckham,sduckham8e@theguardian.com,Female
Erinn,Zorro,ezorro8f@psu.edu,Female
Dougy,St Louis,dstlouis8g@symantec.com,Male
Alley,Colquit,acolquit8h@angelfire.com,Male
Bonnee,Delf,bdelf8i@apache.org,Female
Micheline,Chew,mchew8j@intel.com,Female
Carmella,Poinsett,cpoinsett8k@ft.com,Female
Rosalia,Fitzjohn,rfitzjohn8l@t-online.de,Female
Berny,Olin,bolin8m@ezinearticles.com,Female
Tish,Reaveley,treaveley8n@netvibes.com,Female
Homere,Mille,hmille8o@auda.org.au,Male
Carly,Jagiela,cjagiela8p@mac.com,Female
Magdaia,Brose,mbrose8q@bloomberg.com,Female
Burch,Covill,bcovill8r@sphinn.com,Male
Tamara,Eloy,teloy8s@prweb.com,Female
Rosalie,Mathivet,rmathivet8t@privacy.gov.au,Female
Osmond,Root,oroot8u@goo.ne.jp,Male
Arman,Jilliss,ajilliss8v@slideshare.net,Male
Currey,Kolodziej,ckolodziej8w@woothemes.com,Male
Joanne,Eglese,jeglese8x@wikimedia.org,Female
Tony,Sawle,tsawle8y@ning.com,Male
Brion,Bassam,bbassam8z@dagondesign.com,Male
Burke,Grahlmans,bgrahlmans90@github.io,Male
Honey,Brammer,hbrammer91@edublogs.org,Female
Brigida,Yesenev,byesenev92@nytimes.com,Female
Maurice,Noke,mnoke93@marketwatch.com,Male
Arch,Tiernan,atiernan94@washington.edu,Male
Karlan,Vanacci,kvanacci95@facebook.com,Male
Rozina,Noen,rnoen96@google.ru,Female
Nita,Matoshin,nmatoshin97@liveinternet.ru,Female
Ingaberg,Skillett,iskillett98@dyndns.org,Female
Spike,Frushard,sfrushard99@github.io,Male
Garrick,Hothersall,ghothersall9a@newyorker.com,Male
Eolanda,Jack,ejack9b@loc.gov,Female
Dion,Lukas,dlukas9c@sbwire.com,Male
Cthrine,Jillions,cjillions9d@apache.org,Female
Dilly,Cobbledick,dcobbledick9e@latimes.com,Male
Georgena,Kornas,gkornas9f@chicagotribune.com,Female
Tomaso,Tims,ttims9g@nba.com,Male
Gavra,Shire,gshire9h@live.com,Female
Marylynne,Bezarra,mbezarra9i@patch.com,Female
Liza,Gouley,lgouley9j@house.gov,Female
Garvin,Hubback,ghubback9k@uol.com.br,Male
Tybie,Rickis,trickis9l@washington.edu,Female
Nels,Pitone,npitone9m@clickbank.net,Male
Jasper,Doyle,jdoyle9n@apache.org,Male
Andrei,Benwell,abenwell9o@examiner.com,Female
Loydie,Grishakov,lgrishakov9p@imdb.com,Male
Cody,Townrow,ctownrow9q@t.co,Female
Durward,Boller,dboller9r@yelp.com,Male
Winifield,Memmory,wmemmory9s@who.int,Male
Winny,Ricardo,wricardo9t@artisteer.com,Male
Minny,Reinisch,mreinisch9u@istockphoto.com,Female
Sally,Merigon,smerigon9v@noaa.gov,Female
Luce,Dolling,ldolling9w@rediff.com,Male
Amie,Goldsby,agoldsby9x@bigcartel.com,Female
Shir,Klimas,sklimas9y@hostgator.com,Female
Evyn,Beetham,ebeetham9z@auda.org.au,Male
Hanan,Jarmyn,hjarmyna0@chron.com,Male
Granville,Bridgland,gbridglanda1@mozilla.org,Male
Velvet,McCole,vmccolea2@boston.com,Female
Tessy,McLaughlan,tmclaughlana3@shop-pro.jp,Female
Estrella,Melato,emelatoa4@ifeng.com,Female
Erena,Quinane,equinanea5@msu.edu,Female
Becka,Sowley,bsowleya6@about.com,Female
Stephannie,Phare,spharea7@alexa.com,Female
Ethan,Tynemouth,etynemoutha8@php.net,Male
Astrix,Logue,aloguea9@last.fm,Female
Aharon,Brettelle,abrettelleaa@mac.com,Male
Leia,Barczewski,lbarczewskiab@tuttocitta.it,Female
Julissa,Buckhurst,jbuckhurstac@reference.com,Female
Klara,Weaver,kweaverad@bigcartel.com,Female
Persis,Meakin,pmeakinae@nps.gov,Female
Benjie,Gerok,bgerokaf@cmu.edu,Male
Mattie,Paxforde,mpaxfordeag@ed.gov,Female
Mitchael,Treeby,mtreebyah@nyu.edu,Male
Harrie,Scarlan,hscarlanai@noaa.gov,Female
Darbie,Vaszoly,dvaszolyaj@newsvine.com,Female
Dannel,Gosneye,dgosneyeak@google.ru,Male
Garwood,Wheal,gwhealal@shareasale.com,Male
Dicky,Beaven,dbeavenam@whitehouse.gov,Male
Camella,Davidy,cdavidyan@google.co.uk,Female
Valene,Annable,vannableao@imdb.com,Female
Marwin,Shallcroff,mshallcroffap@nytimes.com,Male
Allsun,Davidofski,adavidofskiaq@nationalgeographic.com,Female
Lillis,Shadfourth,lshadfourthar@ocn.ne.jp,Female
Weider,Aked,wakedas@quantcast.com,Male
Wally,Kubasek,wkubasekat@nymag.com,Female
Vicky,Glaum,vglaumau@msu.edu,Female
Sebastien,Dankov,sdankovav@msn.com,Male
Callean,Dixey,cdixeyaw@edublogs.org,Male
Tildy,Baccus,tbaccusax@wsj.com,Female
Karla,Balma,kbalmaay@cloudflare.com,Female
Carlie,Heardman,cheardmanaz@google.fr,Male
Chrissie,Lomas,clomasb0@webs.com,Male
Polly,Laurance,plauranceb1@a8.net,Female
Barri,Brierton,bbriertonb2@npr.org,Male
Salomone,Willoughby,swilloughbyb3@fda.gov,Male
Torie,Orhrt,torhrtb4@xinhuanet.com,Female
Sinclair,Uzelli,suzellib5@rambler.ru,Male
Jude,Aldwick,jaldwickb6@canalblog.com,Male
Kiri,Bramo,kbramob7@infoseek.co.jp,Female
Shirlee,Bolzmann,sbolzmannb8@blogtalkradio.com,Female
Pebrook,Thonason,pthonasonb9@bluehost.com,Male
Stephanus,Gate,sgateba@rediff.com,Male
Mil,Kment,mkmentbb@examiner.com,Female
Gideon,Klausen,gklausenbc@rambler.ru,Male
Dudley,Hamby,dhambybd@nba.com,Male
Porter,Wasmer,pwasmerbe@ca.gov,Male
Casar,Baudts,cbaudtsbf@prnewswire.com,Male
Waldo,Witnall,wwitnallbg@feedburner.com,Male
Matteo,Greenard,mgreenardbh@cmu.edu,Male
Tommie,Pipe,tpipebi@soundcloud.com,Female
Alix,Errey,aerreybj@myspace.com,Female
Jeane,Foskin,jfoskinbk@blogspot.com,Female
Rozella,Joliffe,rjoliffebl@delicious.com,Female
Trixie,Bartalin,tbartalinbm@hubpages.com,Female
Aubry,McIlvaney,amcilvaneybn@studiopress.com,Female
Gabriela,Washington,gwashingtonbo@arstechnica.com,Female
Jacynth,Gascoigne,jgascoignebp@seesaa.net,Female
Tye,Oakley,toakleybq@feedburner.com,Male
Vlad,Baldazzi,vbaldazzibr@bandcamp.com,Male
Celestyn,Kernocke,ckernockebs@china.com.cn,Female
Hashim,Zeal,hzealbt@skyrock.com,Male
Kennith,Mundell,kmundellbu@wiley.com,Male
Randall,Scarasbrick,rscarasbrickbv@howstuffworks.com,Male
Harland,McDonnell,hmcdonnellbw@ifeng.com,Male
Bamby,Steggles,bstegglesbx@senate.gov,Female
Benoit,Leggis,bleggisby@columbia.edu,Male
Courtney,Tapply,ctapplybz@howstuffworks.com,Female
Celene,Harries,charriesc0@umn.edu,Female
Filide,Bulpitt,fbulpittc1@hud.gov,Female
Horst,Jiroudek,hjiroudekc2@feedburner.com,Male
Hans,Barthelet,hbartheletc3@vimeo.com,Male
Nikki,Scandroot,nscandrootc4@ifeng.com,Female
Harriott,Maylard,hmaylardc5@seesaa.net,Female
Davy,Schelle,dschellec6@nyu.edu,Male
Noellyn,Scales,nscalesc7@123-reg.co.uk,Female
Haslett,Hegg,hheggc8@plala.or.jp,Male
Freda,Blackman,fblackmanc9@issuu.com,Female
David,Moscon,dmosconca@icio.us,Male
Fanya,MacAnespie,fmacanespiecb@google.co.jp,Female
Dom,Kear,dkearcc@engadget.com,Male
Hildagard,McGeaney,hmcgeaneycd@elegantthemes.com,Female
Tana,Rapper,trapperce@live.com,Female
Boothe,Dearlove,bdearlovecf@ustream.tv,Male
Ty,Schruurs,tschruurscg@umn.edu,Male
Sheilah,Seine,sseinech@networkadvertising.org,Female
Jobina,Mc Harg,jmchargci@walmart.com,Female
Antonio,Heisler,aheislercj@whitehouse.gov,Male
Barris,Philps,bphilpsck@hugedomains.com,Male
Fey,Bullan,fbullancl@zdnet.com,Female
Ced,Sheekey,csheekeycm@ebay.com,Male
Ophelie,Spikins,ospikinscn@accuweather.com,Female
Mollee,Kerne,mkerneco@google.cn,Female
Mignon,Landy,mlandycp@purevolume.com,Female
Hillyer,Yakunchikov,hyakunchikovcq@bbb.org,Male
Whitby,Horrigan,whorrigancr@yellowpages.com,Male
Thatcher,Stucke,tstuckecs@phpbb.com,Male
Corella,Cordon,ccordonct@who.int,Female
Devin,MacElane,dmacelanecu@godaddy.com,Male
Helaina,Felder,hfeldercv@woothemes.com,Female
Adams,Scotchmor,ascotchmorcw@flavors.me,Male
Stefa,Piddock,spiddockcx@thetimes.co.uk,Female
Vivianne,Geffcock,vgeffcockcy@fda.gov,Female
Britteny,Siemon,bsiemoncz@pinterest.com,Female
Doyle,Northley,dnorthleyd0@chicagotribune.com,Male
Erek,Stevani,estevanid1@nih.gov,Male
Danya,Bosden,dbosdend2@squarespace.com,Male
Murray,Kenner,mkennerd3@bluehost.com,Male
Kean,Aronstam,karonstamd4@irs.gov,Male
Davey,Iley,dileyd5@ezinearticles.com,Male
Merry,Hazeldene,mhazeldened6@opera.com,Male
Nevins,Hanrahan,nhanrahand7@baidu.com,Male
Tomasina,Lowell,tlowelld8@taobao.com,Female
Whitney,Whithorn,wwhithornd9@rakuten.co.jp,Male
Tyne,Kort,tkortda@foxnews.com,Female
Sim,Presshaugh,spresshaughdb@wisc.edu,Male
Nadia,Desquesnes,ndesquesnesdc@nps.gov,Female
Engelbert,Wilcocke,ewilcockedd@tripod.com,Male
Kiah,Lytell,klytellde@alexa.com,Female
Kevina,Vedekhov,kvedekhovdf@hubpages.com,Female
Jefferson,Seamer,jseamerdg@wsj.com,Male
Verna,Folling,vfollingdh@example.com,Female
Muhammad,Swalwel,mswalweldi@usgs.gov,Male
Teena,Linskey,tlinskeydj@posterous.com,Female
Nahum,Crucitti,ncrucittidk@amazon.co.uk,Male
Dulcea,Commin,dcommindl@artisteer.com,Female
Tobiah,Marzello,tmarzellodm@myspace.com,Male
De witt,Korb,dkorbdn@trellian.com,Male
Ezra,Oubridge,eoubridgedo@wunderground.com,Male
Ignaz,Stitch,istitchdp@flavors.me,Male
Thatch,Dewicke,tdewickedq@phpbb.com,Male
Clem,Fries,cfriesdr@buzzfeed.com,Female
Erv,Bittleson,ebittlesonds@vimeo.com,Male
Neala,Maciunas,nmaciunasdt@vk.com,Female
Genni,Geldeard,ggeldearddu@w3.org,Female
Keely,Abele,kabeledv@youtu.be,Female
Olenka,Bloxsom,obloxsomdw@barnesandnoble.com,Female
Donall,Borland,dborlanddx@fastcompany.com,Male
Chad,Coutts,ccouttsdy@ucoz.ru,Male
Haroun,Bagshawe,hbagshawedz@si.edu,Male
Noe,Cissell,ncisselle0@slideshare.net,Male
Marcelle,Rabat,mrabate1@yellowpages.com,Female
Issi,Henrych,ihenryche2@plala.or.jp,Female
Dermot,Deeks,ddeekse3@answers.com,Male
Liuka,Gorges,lgorgese4@senate.gov,Female
Christophorus,Mulligan,cmulligane5@about.me,Male
Arthur,Hallowes,ahallowese6@pen.io,Male
Lewes,Teggart,lteggarte7@arizona.edu,Male
Felizio,Reyburn,freyburne8@abc.net.au,Male
Egon,Yoakley,eyoakleye9@blog.com,Male
Welbie,Aizik,waizikea@hhs.gov,Male
Gwyn,Oakton,goaktoneb@economist.com,Female
Arlan,Keoghan,akeoghanec@samsung.com,Male
Carmelita,Dain,cdained@php.net,Female
Joletta,Sentance,jsentanceee@google.co.uk,Female
Hedvige,Whitear,hwhitearef@taobao.com,Female
Holden,Burgen,hburgeneg@earthlink.net,Male
Kinna,Freebury,kfreeburyeh@google.com.hk,Female
Lezley,MacNucator,lmacnucatorei@slashdot.org,Male
Tedd,Tiffin,ttiffinej@studiopress.com,Male
Edmund,Zealander,ezealanderek@alexa.com,Male
Mario,Kobierski,mkobierskiel@oakley.com,Male
Shanta,Vorley,svorleyem@gizmodo.com,Female
Shaylynn,Bainbrigge,sbainbriggeen@stumbleupon.com,Female
Magda,Iacovo,miacovoeo@pen.io,Female
Trula,Bracci,tbracciep@rakuten.co.jp,Female
Isa,Middler,imiddlereq@creativecommons.org,Male
Jillie,Sabatier,jsabatierer@taobao.com,Female
Paquito,Choppen,pchoppenes@symantec.com,Male
Hermie,Zink,hzinket@addtoany.com,Male
Stormie,Geare,sgeareeu@craigslist.org,Female
Myrtia,Blethin,mblethinev@senate.gov,Female
Ingeborg,Snufflebottom,isnufflebottomew@booking.com,Female
Nicol,Exter,nexterex@google.ca,Female
Cody,Kenningham,ckenninghamey@stumbleupon.com,Male
Alexis,Shepeard,ashepeardez@usa.gov,Female
Bogart,Cramond,bcramondf0@wikipedia.org,Male
Tull,Studde,tstuddef1@nyu.edu,Male
Fianna,Eldon,feldonf2@plala.or.jp,Female
Henrik,Cornbell,hcornbellf3@123-reg.co.uk,Male
Gabbi,Frondt,gfrondtf4@indiatimes.com,Female
Augustus,Scading,ascadingf5@trellian.com,Male
Sheffy,McFaul,smcfaulf6@vk.com,Male
Bianka,Hessing,bhessingf7@ezinearticles.com,Female
Gian,Karel,gkarelf8@hao123.com,Male
Dixie,Babonau,dbabonauf9@google.es,Female
Darci,Doubrava,ddoubravafa@cnet.com,Female
Thoma,Sybry,tsybryfb@homestead.com,Male
Carter,D'Orsay,cdorsayfc@salon.com,Male
Berget,Walch,bwalchfd@sina.com.cn,Female
Odette,Olivi,oolivife@nytimes.com,Female
Lorita,Argyle,largyleff@bing.com,Female
Gwendolen,Sacchetti,gsacchettifg@digg.com,Female
Shawna,Acheson,sachesonfh@diigo.com,Female
Charlton,Stoute,cstoutefi@irs.gov,Male
Nadeen,Espadate,nespadatefj@cyberchimps.com,Female
Sigrid,Barrowcliff,sbarrowclifffk@disqus.com,Female
Adella,Flecknoe,aflecknoefl@dailymotion.com,Female
Briney,Lagen,blagenfm@newsvine.com,Female
Josephine,Rummery,jrummeryfn@prlog.org,Female
Regan,Mattersey,rmatterseyfo@printfriendly.com,Female
Herschel,Collins,hcollinsfp@washington.edu,Male
Reynard,Skidmore,rskidmorefq@latimes.com,Male
Sayers,Padgett,spadgettfr@wikispaces.com,Male
Kirby,Spratley,kspratleyfs@discovery.com,Male
Terri,Averay,taverayft@ovh.net,Female
Brianne,Le Moucheux,blemoucheuxfu@webs.com,Female
Rowney,Eland,relandfv@comsenz.com,Male
Maureene,McCaskill,mmccaskillfw@zdnet.com,Female
Maggee,Notti,mnottifx@diigo.com,Female
Fredric,Westwell,fwestwellfy@twitpic.com,Male
Etan,McGirr,emcgirrfz@si.edu,Male
Norah,Fardo,nfardog0@epa.gov,Female
Lamond,Beldon,lbeldong1@tmall.com,Male
Francoise,Hollidge,fhollidgeg2@google.fr,Female
Jenn,Fittes,jfittesg3@delicious.com,Female
Theodor,MacGowing,tmacgowingg4@g.co,Male
Krystyna,Chidler,kchidlerg5@patch.com,Female
Alecia,Broadbere,abroadbereg6@trellian.com,Female
Ketti,Burgh,kburghg7@slate.com,Female
Colas,Broadwell,cbroadwellg8@vk.com,Male
Court,McAulay,cmcaulayg9@irs.gov,Male
Wallache,Hearnes,whearnesga@un.org,Male
Arda,Pelerin,apeleringb@walmart.com,Female
Ruperto,Ryal,rryalgc@washington.edu,Male
Roosevelt,Pittford,rpittfordgd@over-blog.com,Male
Janna,Garie,jgariege@elpais.com,Female
Linette,Klesse,lklessegf@deviantart.com,Female
Perri,Balcers,pbalcersgg@census.gov,Female
Feliza,Banton,fbantongh@merriam-webster.com,Female
Arleyne,Kmieciak,akmieciakgi@indiatimes.com,Female
Dari,Tichelaar,dtichelaargj@europa.eu,Female
Ricard,Heinrich,rheinrichgk@weibo.com,Male
Quintana,Croot,qcrootgl@storify.com,Female
Maritsa,McSpirron,mmcspirrongm@salon.com,Female
Cort,Spileman,cspilemangn@irs.gov,Male
Edgardo,Chippendale,echippendalego@army.mil,Male
Obadias,Lockless,olocklessgp@bigcartel.com,Male
Mellisa,Malham,mmalhamgq@stumbleupon.com,Female
Brew,Royse,broysegr@yahoo.com,Male
Brew,Kosel,bkoselgs@rambler.ru,Male
Alecia,Balcon,abalcongt@go.com,Female
Carlina,Strathe,cstrathegu@squidoo.com,Female
Charlot,Elizabeth,celizabethgv@economist.com,Female
Ivor,Seivwright,iseivwrightgw@gnu.org,Male
Yul,O'Nions,yonionsgx@wunderground.com,Male
Kathleen,Jiranek,kjiranekgy@xing.com,Female
Hew,Danielis,hdanielisgz@kickstarter.com,Male
Drew,Merigon,dmerigonh0@merriam-webster.com,Male
Karoline,Delagua,kdelaguah1@army.mil,Female
Giordano,Vaen,gvaenh2@state.gov,Male
Gayelord,Lanfranconi,glanfranconih3@homestead.com,Male
Katina,Mattheissen,kmattheissenh4@irs.gov,Female
Florie,Duplain,fduplainh5@1688.com,Female
Joshua,O'Curran,jocurranh6@comcast.net,Male
Grazia,Rahlof,grahlofh7@webeden.co.uk,Female
Laura,Hebbard,lhebbardh8@who.int,Female
Iorgos,Roll,irollh9@jiathis.com,Male
Ario,Beasleigh,abeasleighha@sitemeter.com,Male
Bernardina,Eustanch,beustanchhb@dagondesign.com,Female
Teresa,Askie,taskiehc@senate.gov,Female
Mae,Fowlestone,mfowlestonehd@baidu.com,Female
Wash,Gounard,wgounardhe@miitbeian.gov.cn,Male
Laural,Cockayne,lcockaynehf@360.cn,Female
Glynis,Nendick,gnendickhg@nasa.gov,Female
Crystal,Tewelson,ctewelsonhh@twitpic.com,Female
Jaquelin,Bartolic,jbartolichi@reference.com,Female
Gisella,Rubinsaft,grubinsafthj@seattletimes.com,Female
Carroll,Giacobini,cgiacobinihk@businesswire.com,Male
Keefe,Corcoran,kcorcoranhl@nature.com,Male
Vachel,Locock,vlocockhm@spiegel.de,Male
Maure,Plewes,mpleweshn@accuweather.com,Female
Olimpia,Mullan,omullanho@last.fm,Female
Michale,Chedgey,mchedgeyhp@skyrock.com,Male
Zelig,Ruscoe,zruscoehq@joomla.org,Male
Orson,Carbonell,ocarbonellhr@people.com.cn,Male
Megan,Snowman,msnowmanhs@dyndns.org,Female
Savina,Philot,sphilotht@networksolutions.com,Female
Harvey,Sivess,hsivesshu@goodreads.com,Male
Rina,Duerdin,rduerdinhv@mapy.cz,Female
Paul,Stidworthy,pstidworthyhw@toplist.cz,Male
Hollyanne,Skull,hskullhx@lulu.com,Female
Corinne,Durtnell,cdurtnellhy@google.de,Female
Oran,Magnus,omagnushz@census.gov,Male
Rikki,Crank,rcranki0@google.ca,Male
Adena,Bredgeland,abredgelandi1@pen.io,Female
Bary,Hovel,bhoveli2@hatena.ne.jp,Male
Knox,Hillhouse,khillhousei3@toplist.cz,Male
Cordy,Liffe,cliffei4@studiopress.com,Female
Pascal,Lenden,plendeni5@si.edu,Male
Marrilee,Dunster,mdunsteri6@aboutads.info,Female
Kath,Rocca,kroccai7@issuu.com,Female
Barbabra,Harriot,bharrioti8@plala.or.jp,Female
Simonne,Rack,sracki9@nymag.com,Female
Georgina,Yerbury,gyerburyia@blogger.com,Female
Dore,Stovold,dstovoldib@ebay.co.uk,Female
Marylou,Hicken,mhickenic@harvard.edu,Female
Eugenius,Beckenham,ebeckenhamid@china.com.cn,Male
Fiann,Ohm,fohmie@usatoday.com,Female
Chip,Roark,croarkif@businessweek.com,Male
Zachary,Almeida,zalmeidaig@washingtonpost.com,Male
Teodoor,Carress,tcarressih@weebly.com,Male
Colette,Widdowfield,cwiddowfieldii@gov.uk,Female
Enoch,Riccetti,ericcettiij@cocolog-nifty.com,Male
Dora,McVee,dmcveeik@statcounter.com,Female
Tonia,Lavalde,tlavaldeil@un.org,Female
Effie,Zanetto,ezanettoim@salon.com,Female
Sofie,Ricardo,sricardoin@livejournal.com,Female
Matthias,Baldi,mbaldiio@tuttocitta.it,Male
Dael,Game,dgameip@spiegel.de,Male
Tory,Carff,tcarffiq@deviantart.com,Female
Lacey,Siemandl,lsiemandlir@independent.co.uk,Female
Selie,Hardwin,shardwinis@army.mil,Female
Hailey,Victor,hvictorit@istockphoto.com,Male
Eldredge,Mason,emasoniu@bing.com,Male
Desdemona,Charlwood,dcharlwoodiv@canalblog.com,Female
Leonard,Cattle,lcattleiw@pbs.org,Male
Ephrem,Bichener,ebichenerix@pinterest.com,Male
Linoel,Collyer,lcollyeriy@discuz.net,Male
Nealy,Yanson,nyansoniz@csmonitor.com,Male
Milissent,Poll,mpollj0@zimbio.com,Female
Isidro,Kinnane,ikinnanej1@squarespace.com,Male
Quent,Cradey,qcradeyj2@blogspot.com,Male
Tirrell,Cobain,tcobainj3@discovery.com,Male
Kearney,Bellin,kbellinj4@ucsd.edu,Male
Mariquilla,Gothrup,mgothrupj5@mapquest.com,Female
Rosy,Clavering,rclaveringj6@home.pl,Female
Riccardo,Culkin,rculkinj7@hubpages.com,Male
Stillman,Germaine,sgermainej8@gizmodo.com,Male
Vi,Sawley,vsawleyj9@springer.com,Female
Janice,Roskelly,jroskellyja@bigcartel.com,Female
Evyn,Guyers,eguyersjb@so-net.ne.jp,Male
Dotty,Waycot,dwaycotjc@google.it,Female
Garald,Ryding,grydingjd@mac.com,Male
Dara,Bendell,dbendellje@shareasale.com,Female
Ulrich,Gottschalk,ugottschalkjf@hostgator.com,Male
Sharona,O'Cooney,socooneyjg@examiner.com,Female
Herby,Haines,hhainesjh@whitehouse.gov,Male
Lorelle,Glasscoo,lglasscooji@woothemes.com,Female
Berenice,Sprackling,bspracklingjj@harvard.edu,Female
Huntlee,Barhem,hbarhemjk@cargocollective.com,Male
Gabbey,Breitling,gbreitlingjl@odnoklassniki.ru,Female
Kristo,Monard,kmonardjm@blogger.com,Male
Tally,Dawley,tdawleyjn@google.com.br,Male
Amanda,Postance,apostancejo@thetimes.co.uk,Female
Jock,Payler,jpaylerjp@cnn.com,Male
Jermain,Grayling,jgraylingjq@paginegialle.it,Male
Ardisj,Meere,ameerejr@tripadvisor.com,Female
Gwenette,Lempertz,glempertzjs@ezinearticles.com,Female
Elli,Tamblyn,etamblynjt@feedburner.com,Female
Berkeley,Temlett,btemlettju@tuttocitta.it,Male
Waiter,Rushmare,wrushmarejv@reddit.com,Male
Demetrius,Stegell,dstegelljw@youku.com,Male
Karlik,Faircley,kfaircleyjx@si.edu,Male
Sibby,Aicken,saickenjy@tripod.com,Female
Manfred,Chazier,mchazierjz@admin.ch,Male
Madeleine,Hartley,mhartleyk0@goo.ne.jp,Female
Almeda,Methringham,amethringhamk1@dagondesign.com,Female
Mel,Markel,mmarkelk2@dropbox.com,Male
Heath,Rego,hregok3@squarespace.com,Female
Juliane,Dibbin,jdibbink4@diigo.com,Female
Sonya,Montier,smontierk5@vimeo.com,Female
Bartholomew,Heaney,bheaneyk6@ow.ly,Male
Glenden,Dielhenn,gdielhennk7@tiny.cc,Male
Bendicty,Shortall,bshortallk8@about.com,Male
Mab,Degoey,mdegoeyk9@mit.edu,Female
Patty,Swiffan,pswiffanka@java.com,Male
Hasty,von Grollmann,hvongrollmannkb@forbes.com,Male
Kelly,Nance,knancekc@technorati.com,Male
Minerva,MacAindreis,mmacaindreiskd@wordpress.org,Female
Kelby,Thaine,kthaineke@alibaba.com,Male
Pieter,Piggens,ppiggenskf@shareasale.com,Male
Teador,Fullick,tfullickkg@devhub.com,Male
Isak,Wrack,iwrackkh@telegraph.co.uk,Male
Sig,Silby,ssilbyki@indiegogo.com,Male
Herbert,Muttock,hmuttockkj@gnu.org,Male
Jacki,Rowan,jrowankk@stumbleupon.com,Female
Shawn,MacPhaden,smacphadenkl@ezinearticles.com,Male
Colline,Sprey,cspreykm@jiathis.com,Female
Harlene,Testro,htestrokn@pagesperso-orange.fr,Female
Ali,Ripsher,aripsherko@google.com,Female
Lennard,Edney,ledneykp@marriott.com,Male
Jodi,Whipp,jwhippkq@ihg.com,Female
Hermia,Loughren,hloughrenkr@cnn.com,Female
Camille,Jachimak,cjachimakks@about.com,Female
Danice,Longthorn,dlongthornkt@vistaprint.com,Female
Angelle,Woolway,awoolwayku@nhs.uk,Female
Rebekah,Haddington,rhaddingtonkv@washingtonpost.com,Female
Wilmette,Worsall,wworsallkw@ed.gov,Female
Amalea,Deddum,adeddumkx@pinterest.com,Female
Giffer,Charlton,gcharltonky@simplemachines.org,Male
Brittany,Wimp,bwimpkz@symantec.com,Female
Cacilie,Lepoidevin,clepoidevinl0@amazon.co.jp,Female
Garrick,Gleave,ggleavel1@linkedin.com,Male
Cordy,Strasse,cstrassel2@bloglines.com,Male
Alasteir,Wilden,awildenl3@unicef.org,Male
Randee,Croome,rcroomel4@unicef.org,Female
Lucio,Stains,lstainsl5@census.gov,Male
Durward,Rojahn,drojahnl6@indiatimes.com,Male
Annecorinne,Baldam,abaldaml7@bizjournals.com,Female
Kamilah,Coronas,kcoronasl8@unblog.fr,Female
Babbie,Laurenz,blaurenzl9@opera.com,Female
Wallis,McPaik,wmcpaikla@si.edu,Male
Ulrica,Thompson,uthompsonlb@seattletimes.com,Female
Bill,Giovannilli,bgiovannillilc@howstuffworks.com,Male
Odey,Heaseman,oheasemanld@histats.com,Male
Juliette,Von Brook,jvonbrookle@google.com,Female
Maryrose,Jaqueme,mjaquemelf@tmall.com,Female
Sharline,Shotbolt,sshotboltlg@phoca.cz,Female
Phoebe,Biernat,pbiernatlh@princeton.edu,Female
Cissiee,Morden,cmordenli@wikipedia.org,Female
Monroe,Hanton,mhantonlj@ustream.tv,Male
Lindsey,Deluca,ldelucalk@techcrunch.com,Female
Berte,Labbet,blabbetll@examiner.com,Female
Tana,MacGiany,tmacgianylm@youku.com,Female
Benton,Domerque,bdomerqueln@ocn.ne.jp,Male
Sergeant,Breagan,sbreaganlo@amazon.com,Male
Corene,Wickham,cwickhamlp@wikimedia.org,Female
Sammy,Howat,showatlq@about.com,Male
Mason,Phonix,mphonixlr@bluehost.com,Male
Charla,Jankovsky,cjankovskyls@time.com,Female
Hilarius,Elcoux,helcouxlt@whitehouse.gov,Male
Levin,Sallarie,lsallarielu@fastcompany.com,Male
Alexandre,Burkinshaw,aburkinshawlv@wikia.com,Male
Michele,Grishenkov,mgrishenkovlw@ocn.ne.jp,Male
Cass,Yitzowitz,cyitzowitzlx@huffingtonpost.com,Female
Seana,Fancett,sfancettly@hao123.com,Female
Theda,Rosenfelder,trosenfelderlz@mapy.cz,Female
Galvin,Penrice,gpenricem0@google.ca,Male
Lilian,Jodlowski,ljodlowskim1@army.mil,Female
Nathalia,Geddis,ngeddism2@rakuten.co.jp,Female
Berkley,Upcraft,bupcraftm3@weibo.com,Male
Marrilee,Dionisi,mdionisim4@webmd.com,Female
Kahaleel,Charlot,kcharlotm5@jimdo.com,Male
Virgie,Canty,vcantym6@parallels.com,Male
Salome,Stuart,sstuartm7@merriam-webster.com,Female
Zuzana,Hanselmann,zhanselmannm8@baidu.com,Female
Mechelle,McCourt,mmccourtm9@deviantart.com,Female
Denver,Klaussen,dklaussenma@salon.com,Male
Cord,Picken,cpickenmb@fastcompany.com,Male
Siouxie,Tointon,stointonmc@ehow.com,Female
Merrill,Garvan,mgarvanmd@friendfeed.com,Female
Alexei,McKearnen,amckearnenme@freewebs.com,Male
Georgeanna,Joyner,gjoynermf@jalbum.net,Female
Nyssa,Truin,ntruinmg@shareasale.com,Female
Lila,Rosbotham,lrosbothammh@dot.gov,Female
Wendall,Wynett,wwynettmi@bandcamp.com,Male
Kalila,Perford,kperfordmj@omniture.com,Female
Antoni,Van der Beek,avanderbeekmk@omniture.com,Male
Lacee,Oakinfold,loakinfoldml@123-reg.co.uk,Female
Mariann,Gorick,mgorickmm@mediafire.com,Female
Linc,Hamfleet,lhamfleetmn@dell.com,Male
Ernestus,Cann,ecannmo@artisteer.com,Male
Emanuel,Creech,ecreechmp@marketwatch.com,Male
Mathian,Trattles,mtrattlesmq@vk.com,Male
Korey,Hendrikse,khendriksemr@github.com,Male
Jennifer,Soame,jsoamems@netlog.com,Female
Shermy,Landor,slandormt@sphinn.com,Male
Halie,Carsey,hcarseymu@ted.com,Female
Atlante,Fulle,afullemv@uol.com.br,Female
Laurette,Widdowfield,lwiddowfieldmw@livejournal.com,Female
Paola,Dunmore,pdunmoremx@virginia.edu,Female
Drusie,Abrey,dabreymy@domainmarket.com,Female
Aeriela,McPeake,amcpeakemz@infoseek.co.jp,Female
Violetta,Rathbourne,vrathbournen0@ovh.net,Female
Evita,Feavearyear,efeavearyearn1@phpbb.com,Female
Bryn,Polotti,bpolottin2@time.com,Male
Reinaldo,Murrie,rmurrien3@rambler.ru,Male
Karylin,Kenderdine,kkenderdinen4@about.me,Female
Helyn,Dowker,hdowkern5@163.com,Female
Morris,Wash,mwashn6@multiply.com,Male
Joceline,Coote,jcooten7@bloglines.com,Female
Violet,Jevon,vjevonn8@e-recht24.de,Female
Robenia,Haste,rhasten9@pinterest.com,Female
Ethel,Filgate,efilgatena@vkontakte.ru,Female
Gilberto,Westhofer,gwesthofernb@ameblo.jp,Male
Francisca,Stocker,fstockernc@sohu.com,Female
Kailey,Behnecke,kbehneckend@howstuffworks.com,Female
Mindy,Orta,mortane@themeforest.net,Female
Annalee,Capeling,acapelingnf@jugem.jp,Female
Chrissie,Jime,cjimeng@amazon.com,Female
Hyacinthia,Pentercost,hpentercostnh@tripadvisor.com,Female
Kiri,Giraldez,kgiraldezni@go.com,Female
Vikky,Dilger,vdilgernj@upenn.edu,Female
Erwin,McAless,emcalessnk@twitter.com,Male
Sumner,Botha,sbothanl@mapy.cz,Male
Shepperd,Mousley,smousleynm@baidu.com,Male
Jen,Beausang,jbeausangnn@eepurl.com,Female
Ronny,McGuiney,rmcguineyno@altervista.org,Female
Robbyn,McGloughlin,rmcgloughlinnp@disqus.com,Female
Atlanta,Dundon,adundonnq@icq.com,Female
Regen,Busby,rbusbynr@cnet.com,Male
Arv,Hagley,ahagleyns@livejournal.com,Male
Onofredo,Worwood,oworwoodnt@sciencedaily.com,Male
Timi,Abrahamovitz,tabrahamovitznu@amazon.com,Female
Lizbeth,Tow,ltownv@vinaora.com,Female
Toddie,Farnsworth,tfarnsworthnw@unblog.fr,Male
Boigie,Hassin,bhassinnx@si.edu,Male
Cristie,Champkins,cchampkinsny@sfgate.com,Female
Trudey,Branscomb,tbranscombnz@shop-pro.jp,Female
Kassey,Donnersberg,kdonnersbergo0@upenn.edu,Female
Riki,Targett,rtargetto1@reference.com,Female
Glenda,Clancey,gclanceyo2@va.gov,Female
Laure,Rikkard,lrikkardo3@cnbc.com,Female
Luce,Demeza,ldemezao4@seattletimes.com,Male
Vasili,Salerg,vsalergo5@flavors.me,Male
Gray,Gaither,ggaithero6@cargocollective.com,Female
Penelopa,Amort,pamorto7@jiathis.com,Female
Lucius,Spillane,lspillaneo8@dell.com,Male
Riordan,Drakes,rdrakeso9@xrea.com,Male
Darcy,Cains,dcainsoa@oaic.gov.au,Female
Leeanne,Donavan,ldonavanob@geocities.com,Female
Maurizio,Rigate,mrigateoc@storify.com,Male
Danica,Simonutti,dsimonuttiod@joomla.org,Female
Jody,Castellini,jcastellinioe@deliciousdays.com,Female
Auguste,Lemmens,alemmensof@scribd.com,Female
Meredith,Cotterrill,mcotterrillog@so-net.ne.jp,Female
Faustine,Kelland,fkellandoh@sfgate.com,Female
Norby,Folley,nfolleyoi@mapquest.com,Male
Genia,Soldan,gsoldanoj@ft.com,Female
Lea,Adao,ladaook@microsoft.com,Female
Joby,Manning,jmanningol@cbc.ca,Female
Ilaire,Mc Carroll,imccarrollom@shinystat.com,Male
Marcello,Philliphs,mphilliphson@sina.com.cn,Male
Garey,Pardoe,gpardoeoo@unc.edu,Male
Ches,Fitt,cfittop@oracle.com,Male
Angelique,Benfield,abenfieldoq@icq.com,Female
Sela,Ellerton,sellertonor@acquirethisname.com,Female
Fremont,Puttergill,fputtergillos@free.fr,Male
Linoel,Messier,lmessierot@sohu.com,Male
Bernardo,Le Marquis,blemarquisou@cbsnews.com,Male
Kay,Janatka,kjanatkaov@is.gd,Female
Merci,Cornbell,mcornbellow@cnet.com,Female
Thaddus,Upham,tuphamox@archive.org,Male
Genevra,Sambles,gsamblesoy@last.fm,Female
Randi,Ebbrell,rebbrelloz@timesonline.co.uk,Male
Sanford,Noblett,snoblettp0@plala.or.jp,Male
Tris,Zebedee,tzebedeep1@wufoo.com,Male
Rosemaria,Redemile,rredemilep2@uiuc.edu,Female
Rickey,Facher,rfacherp3@google.co.jp,Male
Rafaela,Marrett,rmarrettp4@answers.com,Female
Irvine,Maly,imalyp5@booking.com,Male
Rickie,Sprionghall,rsprionghallp6@feedburner.com,Female
Sonja,Bremner,sbremnerp7@vk.com,Female
Goddard,Kersley,gkersleyp8@icio.us,Male
Charmain,Meek,cmeekp9@apple.com,Female
Lon,Wookey,lwookeypa@fc2.com,Male
Brena,Vannacci,bvannaccipb@theglobeandmail.com,Female
Anna,Haggus,ahagguspc@google.com.br,Female
Norman,Naris,nnarispd@wikipedia.org,Male
Lexine,Lainton,llaintonpe@ameblo.jp,Female
Brendon,Garahan,bgarahanpf@tmall.com,Male
Brad,Tixier,btixierpg@drupal.org,Male
Dalston,Bohea,dboheaph@mtv.com,Male
Lani,Beranek,lberanekpi@ca.gov,Female
Becka,Spikings,bspikingspj@goodreads.com,Female
Wilburt,Nise,wnisepk@ft.com,Male
Marie,Tinan,mtinanpl@bbb.org,Female
Rube,Avieson,raviesonpm@xinhuanet.com,Male
Rockie,Pounsett,rpounsettpn@harvard.edu,Male
Maddie,Morch,mmorchpo@princeton.edu,Male
Giacobo,Gauden,ggaudenpp@github.io,Male
Carney,Chatwin,cchatwinpq@woothemes.com,Male
Zed,Welbrock,zwelbrockpr@trellian.com,Male
Boonie,Geldard,bgeldardps@pen.io,Male
Paulie,Frie,pfriept@macromedia.com,Male
Amelie,Guile,aguilepu@meetup.com,Female
Paxon,Tudge,ptudgepv@nationalgeographic.com,Male
Perrine,Davydenko,pdavydenkopw@list-manage.com,Female
Fremont,Kadwallider,fkadwalliderpx@dot.gov,Male
Farand,Puddifer,fpuddiferpy@house.gov,Female
Andrej,Wadham,awadhampz@tinypic.com,Male
Sissie,Jukes,sjukesq0@acquirethisname.com,Female
Kleon,Covolini,kcovoliniq1@samsung.com,Male
Rosie,Rowe,rroweq2@cisco.com,Female
Eugenio,Innot,einnotq3@time.com,Male
Amalita,Ubsdell,aubsdellq4@state.tx.us,Female
Jewelle,Castaner,jcastanerq5@jiathis.com,Female
Reece,Bury,rburyq6@yellowpages.com,Male
Beaufort,Leaver,bleaverq7@google.co.uk,Male
Harrie,Mowling,hmowlingq8@nymag.com,Female
Josepha,Potier,jpotierq9@bluehost.com,Female
Bertina,McCurtin,bmccurtinqa@so-net.ne.jp,Female
Casey,Gerkens,cgerkensqb@ucoz.ru,Male
Annnora,Slayford,aslayfordqc@census.gov,Female
Karel,Toman,ktomanqd@bloomberg.com,Female
Selma,Butterly,sbutterlyqe@constantcontact.com,Female
Brooke,Cradick,bcradickqf@youku.com,Male
Silvia,Lowers,slowersqg@homestead.com,Female
Rakel,Teese,rteeseqh@tinypic.com,Female
Ethe,Routh,erouthqi@4shared.com,Male
Archie,Scardifield,ascardifieldqj@ycombinator.com,Male
Phelia,Mudle,pmudleqk@mysql.com,Female
Weston,Yeats,wyeatsql@vistaprint.com,Male
Hailey,Faas,hfaasqm@amazon.de,Male
Humphrey,Hetterich,hhetterichqn@google.es,Male
Logan,Biglin,lbiglinqo@berkeley.edu,Male
Dianna,Alderson,daldersonqp@wiley.com,Female
Franklin,Valler,fvallerqq@merriam-webster.com,Male
Warren,Aucock,waucockqr@newyorker.com,Male
Bartolemo,Banbrook,bbanbrookqs@moonfruit.com,Male
Jule,Scarfe,jscarfeqt@yellowbook.com,Male
Tiffany,Houlridge,thoulridgequ@wufoo.com,Female
Chen,Bucklan,cbucklanqv@ovh.net,Male
Delinda,Allridge,dallridgeqw@people.com.cn,Female
Danna,Baseley,dbaseleyqx@is.gd,Female
Dwight,Vern,dvernqy@cam.ac.uk,Male
Shawnee,Monnelly,smonnellyqz@goo.ne.jp,Female
Rosalyn,Gilcrist,rgilcristr0@360.cn,Female
Deborah,Jumont,djumontr1@dailymail.co.uk,Female
Max,Enrrico,menrricor2@yahoo.co.jp,Female
Sigismond,Oswal,soswalr3@phpbb.com,Male
Harman,Cathery,hcatheryr4@geocities.jp,Male
Lucien,Ings,lingsr5@utexas.edu,Male
Oriana,Borwick,oborwickr6@cbsnews.com,Female
Trixie,Sowter,tsowterr7@disqus.com,Female
Rory,McLleese,rmclleeser8@noaa.gov,Male
Johnny,Duffield,jduffieldr9@cnet.com,Male
Sigismundo,Greave,sgreavera@arizona.edu,Male
Jackquelin,Moline,jmolinerb@odnoklassniki.ru,Female
Ezechiel,Meddings,emeddingsrc@google.co.jp,Male
Clarita,Rennard,crennardrd@moonfruit.com,Female
Alisha,Goch,agochre@techcrunch.com,Female
Maurizia,Bresman,mbresmanrf@lulu.com,Female
Pierre,Geindre,pgeindrerg@hc360.com,Male
Vinson,Laboune,vlabounerh@wikispaces.com,Male
Walt,Beddis,wbeddisri@pen.io,Male
Thurston,Cousans,tcousansrj@chicagotribune.com,Male
Thea,Harlock,tharlockrk@bandcamp.com,Female
Stanislaus,Norton,snortonrl@mlb.com,Male
Rodie,Evanson,revansonrm@storify.com,Female
Ortensia,Cottis,ocottisrn@nsw.gov.au,Female
Melany,Leverett,mleverettro@hhs.gov,Female
Merridie,Feehily,mfeehilyrp@godaddy.com,Female
Micah,Pitsall,mpitsallrq@issuu.com,Male
Kev,Tippin,ktippinrr@patch.com,Male